source,target,weight
aap,dier,0.13
aap,mens,0.09
aarde,grond,0.1
aarde,rond,0.21
aarde,zand,0.09
afrika,warm,0.13
afrika,zwart,0.14
afval,vuil,0.16
alcohol,bier,0.36
alcohol,drank,0.09
alcohol,drinken,0.08
alleen,rust,0.06
amerika,groot,0.11
angst,bang,0.23
angst,dood,0.06
appel,boom,0.09
appel,fruit,0.18
appel,gezond,0.09
appel,groen,0.18
arm,been,0.14
arm,hand,0.09
arm,rijk,0.15
baas,werk,0.19
babbelen,praten,0.44
baby,kind,0.07
baby,klein,0.23
baby,lief,0.08
bad,water,0.31
bal,rond,0.27
bal,spel,0.08
bal,sport,0.06
bal,voetbal,0.27
bang,angst,0.18
bang,donker,0.11
bank,geld,0.49
bank,zitten,0.21
bed,slapen,0.65
bedrijf,werk,0.12
bedrijf,werken,0.12
beeld,foto,0.06
beeld,kunst,0.14
beeld,televisie,0.08
beeld,tv,0.17
been,arm,0.13
been,hond,0.06
been,voet,0.11
begin,einde,0.43
berg,hoog,0.15
berg,sneeuw,0.17
bergen,sneeuw,0.18
bergen,vakantie,0.06
betalen,geld,0.61
bier,alcohol,0.06
bier,drank,0.12
bier,drinken,0.09
bier,lekker,0.06
bij,insect,0.06
blauw,hemel,0.09
blauw,kleur,0.08
blauw,lucht,0.31
blauw,zee,0.18
blij,lachen,0.11
blij,vrolijk,0.14
bloed,pijn,0.06
bloed,rood,0.4
bloemen,geur,0.07
boek,lezen,0.59
boeken,leren,0.07
boeken,lezen,0.33
boer,boerderij,0.12
boerderij,boer,0.13
boerderij,dieren,0.13
boerderij,koe,0.15
boerderij,varken,0.09
bom,oorlog,0.14
bomen,bos,0.37
bomen,groen,0.25
boom,appel,0.06
boom,groen,0.11
boos,kwaad,0.53
boot,water,0.35
boot,zee,0.21
bord,eten,0.45
borstel,haar,0.3
borstel,kuisen,0.11
borstel,poetsen,0.06
bos,bomen,0.36
bos,boom,0.23
bos,groen,0.09
boterham,brood,0.06
boterham,eten,0.09
boterham,kaas,0.14
brief,post,0.11
brief,schrijven,0.12
bril,glas,0.08
bril,lezen,0.09
bril,ogen,0.07
bril,zien,0.11
broek,rok,0.08
brood,eten,0.17
brood,wit,0.08
bruin,chocolade,0.08
bruin,haar,0.08
bruin,kleur,0.12
bruin,zon,0.15
cadeau,verjaardag,0.15
chaos,orde,0.07
chaos,rommel,0.11
chaos,verkeer,0.07
chinees,eten,0.2
chinees,geel,0.18
chinees,restaurant,0.06
chocolade,bruin,0.12
chocolade,eten,0.07
chocolade,lekker,0.38
cijfers,rekenen,0.1
cijfers,wiskunde,0.2
computer,internet,0.13
computer,muis,0.07
computer,pc,0.09
dag,licht,0.09
dag,nacht,0.29
dans,muziek,0.18
dansen,feest,0.09
dansen,muziek,0.2
dansen,plezier,0.07
deel,stuk,0.33
deel,taart,0.07
denken,doen,0.12
denken,hersenen,0.09
deugniet,kind,0.16
deur,huis,0.08
deur,open,0.14
dief,nacht,0.06
dief,zwart,0.08
dier,hond,0.24
dier,kat,0.16
dieren,hond,0.15
dieren,kat,0.11
dieren,natuur,0.06
dik,vet,0.25
direct,nu,0.24
direct,snel,0.07
doel,voetbal,0.14
doen,maken,0.13
doen,werken,0.11
dokter,pijn,0.1
dokter,ziek,0.21
dom,slim,0.23
dom,stom,0.1
donker,licht,0.15
donker,nacht,0.27
donker,slapen,0.06
donker,zwart,0.17
dood,leven,0.1
dood,verdriet,0.06
dood,zwart,0.1
drank,alcohol,0.13
drank,bier,0.1
drank,water,0.06
drinken,bier,0.23
drinken,water,0.19
droevig,tranen,0.1
droevig,verdriet,0.14
drugs,slecht,0.09
druk,stress,0.24
druk,werk,0.09
duidelijk,klaar,0.39
duur,geld,0.19
duur,tijd,0.1
eerlijk,juist,0.06
ei,geel,0.09
ei,kip,0.55
einde,begin,0.19
einde,dood,0.11
einde,gedaan,0.22
einde,stop,0.11
eng,bang,0.13
eng,vies,0.06
erg,zwaar,0.06
eten,drinken,0.07
eten,lekker,0.24
examen,stress,0.34
familie,ouders,0.12
feest,dansen,0.06
feest,muziek,0.09
file,auto,0.27
file,wachten,0.07
fles,drank,0.23
fles,drinken,0.08
fles,glas,0.08
fles,water,0.1
fles,wijn,0.19
foto,beeld,0.07
foto,vakantie,0.06
fout,rood,0.09
frankrijk,land,0.08
frankrijk,vakantie,0.12
frankrijk,wijn,0.19
frankrijk,zon,0.06
fruit,appel,0.36
fruit,gezond,0.13
fruit,groente,0.06
fruit,lekker,0.12
gat,zwart,0.07
gebouw,groot,0.07
gebouw,huis,0.26
gedaan,einde,0.17
gedaan,klaar,0.1
geel,groen,0.08
geel,kleur,0.08
geel,zon,0.24
gek,zot,0.56
geld,bank,0.06
geld,rijk,0.14
geloof,god,0.21
geloof,godsdienst,0.1
geloof,kerk,0.12
geluid,lawaai,0.16
geluid,muziek,0.27
geluk,blij,0.07
geluk,liefde,0.11
gemakkelijk,moeilijk,0.21
gerecht,eten,0.33
gerecht,lekker,0.06
geschiedenis,les,0.06
geschiedenis,saai,0.14
geschiedenis,school,0.11
getal,cijfers,0.06
geur,neus,0.12
geur,stank,0.15
gevaar,angst,0.06
gevaar,auto,0.07
gevaar,verkeer,0.08
gevaarlijk,verkeer,0.08
gevaarlijk,vuur,0.06
geven,cadeau,0.08
gevoel,blij,0.06
gevoel,liefde,0.09
geweer,dood,0.07
geweer,gevaarlijk,0.06
geweer,geweld,0.09
geweer,oorlog,0.12
geweld,oorlog,0.23
geweld,pijn,0.08
geweld,vechten,0.07
gewicht,dik,0.1
gewicht,zwaar,0.13
gezellig,leuk,0.13
gezellig,thuis,0.06
gezellig,vrienden,0.07
gezellig,warm,0.1
gezicht,mooi,0.11
gezicht,neus,0.06
gezicht,ogen,0.19
gezond,appel,0.06
gezond,eten,0.11
gezond,fruit,0.11
gezond,groenten,0.07
gezond,ziek,0.08
glas,bier,0.09
glas,drinken,0.19
glas,water,0.17
god,geloof,0.11
god,godsdienst,0.06
god,jezus,0.06
god,kerk,0.08
godsdienst,geloof,0.07
godsdienst,kerk,0.16
goed,slecht,0.11
goud,geel,0.12
goud,geld,0.1
goud,juweel,0.06
goud,rijk,0.06
goud,ring,0.06
grappig,lachen,0.22
grappig,leuk,0.18
gras,groen,0.81
grijs,muis,0.11
grijs,oud,0.22
grijs,zwart,0.11
groen,boom,0.06
groen,gras,0.43
groen,kleur,0.08
groente,fruit,0.11
groente,gezond,0.08
groente,groen,0.08
groenten,fruit,0.19
groenten,gezond,0.21
groenten,lekker,0.07
groep,mensen,0.15
grond,aarde,0.43
groot,klein,0.4
groot,lang,0.06
haar,hoofd,0.06
haar,lang,0.11
hand,ring,0.09
hard,steen,0.22
hard,zacht,0.35
hart,bloed,0.09
hart,liefde,0.23
hart,rood,0.14
heet,warm,0.59
heet,zomer,0.06
hemel,aarde,0.1
hemel,blauw,0.26
hemel,god,0.09
hemel,lucht,0.08
hemel,sterren,0.06
hersenen,denken,0.22
hersenen,hoofd,0.12
hond,kat,0.1
hond,lief,0.07
hoofd,haar,0.28
hoofd,hersenen,0.08
hoofd,neus,0.07
hoofd,ogen,0.1
hoog,berg,0.11
hotel,bed,0.07
hotel,slapen,0.08
hotel,vakantie,0.31
hout,boom,0.17
hout,bos,0.1
hout,vuur,0.08
huilen,tranen,0.22
huilen,verdriet,0.16
huilen,wenen,0.26
huis,gezellig,0.06
huis,thuis,0.12
huis,tuin,0.17
huwelijk,man,0.06
huwelijk,samen,0.06
huwelijk,trouwen,0.11
ijs,koud,0.32
ijs,lekker,0.16
ijs,zomer,0.11
ijzer,grijs,0.08
ijzer,hard,0.1
ijzer,metaal,0.14
ijzer,sterk,0.1
ik,vrouw,0.08
indiaan,amerika,0.11
indiaan,rood,0.08
insect,bij,0.1
insect,klein,0.07
instrument,muziek,0.25
instrument,spelen,0.06
internet,computer,0.27
jaar,tijd,0.08
jas,koud,0.15
jas,regen,0.09
jas,warm,0.28
jas,winter,0.12
jeugd,jong,0.32
jezus,geloof,0.13
jezus,god,0.22
jong,kind,0.17
jong,oud,0.17
juist,fout,0.2
juist,goed,0.1
juweel,goud,0.15
juweel,ketting,0.06
juweel,mooi,0.09
juweel,ring,0.23
kaas,geel,0.19
kaas,lekker,0.09
kapot,stuk,0.69
karakter,sterk,0.06
kast,deur,0.08
kast,hout,0.14
kast,kleren,0.19
kast,stoel,0.06
kat,hond,0.21
keel,pijn,0.39
kennis,slim,0.11
kennis,vriend,0.22
kerk,geloof,0.07
kerk,pastoor,0.1
kerk,priester,0.08
kerstmis,boom,0.08
kerstmis,feest,0.07
kerstmis,sneeuw,0.07
ketting,fiets,0.19
ketting,goud,0.06
ketting,juweel,0.06
keuken,eten,0.36
keuken,koken,0.17
keuze,moeilijk,0.1
kijken,ogen,0.17
kijken,zien,0.56
kind,baby,0.09
kind,jong,0.1
kind,klein,0.22
kind,spelen,0.06
kinderen,klein,0.12
kinderen,ouders,0.1
kinderen,spelen,0.15
kip,ei,0.3
kip,eten,0.06
klaar,gedaan,0.18
kledij,broek,0.14
kledij,jas,0.06
kledij,kleren,0.06
kledij,mode,0.09
kledij,rok,0.06
kleding,broek,0.16
kleding,mode,0.07
kleding,rok,0.07
kleding,warm,0.06
klein,groot,0.36
klein,kind,0.07
kleren,broek,0.13
kleren,kast,0.07
kleren,mode,0.08
kleren,rok,0.06
kleren,warm,0.08
kleren,winkel,0.1
kleur,blauw,0.21
kleur,geel,0.06
kleur,groen,0.07
kleur,rood,0.34
kleur,zwart,0.07
kleuren,blauw,0.1
kleuren,geel,0.06
kleuren,groen,0.06
kleuren,rood,0.35
klok,tijd,0.23
koe,dier,0.1
koe,gras,0.09
koe,melk,0.34
koffie,ochtend,0.08
koffie,thee,0.09
koffie,zwart,0.31
koken,eten,0.22
koken,lekker,0.18
kort,haar,0.07
kort,klein,0.07
kort,lang,0.41
koud,ijs,0.17
koud,sneeuw,0.08
koud,warm,0.21
koud,winter,0.27
krant,lezen,0.14
krant,nieuws,0.21
kruid,eten,0.12
kruid,groen,0.06
kruid,tuin,0.09
kruiden,eten,0.09
kruiden,koken,0.06
kruiden,lekker,0.09
kruiden,thee,0.06
kruiden,tuin,0.06
kuisen,borstel,0.06
kuisen,proper,0.1
kuisen,water,0.07
kunst,mooi,0.08
kunst,schilderij,0.21
kwaad,boos,0.53
lachen,blij,0.06
lachen,leuk,0.08
lachen,plezier,0.17
land,zee,0.07
lang,groot,0.14
lang,haar,0.09
lang,kort,0.36
lastig,kind,0.06
lastig,moeilijk,0.44
lastig,vervelend,0.15
lawaai,geluid,0.14
lawaai,luid,0.06
lawaai,muziek,0.08
leeftijd,jong,0.22
leeftijd,oud,0.2
leeg,niets,0.13
leeuw,dier,0.11
leeuw,koning,0.06
leger,groen,0.16
leger,oorlog,0.18
leger,soldaat,0.1
lekker,eten,0.3
lekker,ijs,0.08
lekker,snoep,0.1
lelijk,mooi,0.27
lelijk,vies,0.08
lente,bloemen,0.09
lente,groen,0.1
lente,vogels,0.07
lente,zomer,0.11
lente,zon,0.17
leren,school,0.2
leren,studeren,0.32
les,leren,0.12
les,saai,0.16
les,school,0.14
leven,dood,0.22
lezen,boek,0.73
licht,donker,0.17
licht,zon,0.2
lied,muziek,0.18
lied,zingen,0.27
lief,liefde,0.07
lief,meisje,0.06
lief,zacht,0.08
liefde,hart,0.13
liefde,rood,0.14
lijn,recht,0.12
loon,geld,0.37
lopen,moe,0.07
lopen,sport,0.11
lucht,blauw,0.3
lucht,vliegtuig,0.06
luid,hard,0.14
luid,lawaai,0.25
luid,muziek,0.17
machine,lawaai,0.07
machine,werk,0.06
maken,doen,0.16
man,groot,0.06
man,vrouw,0.56
meisje,mooi,0.1
meisje,vrouw,0.07
melk,koe,0.36
melk,wit,0.3
mens,dier,0.16
mens,man,0.13
mensen,dieren,0.07
mensen,veel,0.06
mes,eten,0.07
mes,gevaarlijk,0.06
mes,scherp,0.3
metaal,hard,0.08
metaal,ijzer,0.27
metaal,koud,0.09
middeleeuwen,geschiedenis,0.07
middeleeuwen,kasteel,0.06
modder,bruin,0.13
modder,vuil,0.33
mode,kledij,0.07
mode,kleding,0.13
mode,kleren,0.06
moe,bed,0.07
moe,slapen,0.27
moeder,lief,0.06
moeilijk,examen,0.14
moeilijk,gemakkelijk,0.13
moeten,doen,0.08
mond,eten,0.08
mond,tanden,0.14
mooi,lelijk,0.12
mooi,natuur,0.06
moord,bloed,0.08
moord,dood,0.26
muis,computer,0.06
muis,grijs,0.11
muis,kaas,0.12
muis,kat,0.19
muis,klein,0.1
muur,huis,0.09
muur,rood,0.09
muur,steen,0.14
naaien,naald,0.28
naald,naaien,0.2
nacht,dag,0.12
nacht,donker,0.48
nacht,slapen,0.12
nacht,sterren,0.1
nadenken,hersenen,0.08
nadenken,moeilijk,0.08
nat,regen,0.4
nat,water,0.24
natuur,boom,0.17
natuur,bos,0.12
natuur,groen,0.25
nederland,kaas,0.13
negatief,slecht,0.22
net,internet,0.07
net,proper,0.22
net,vis,0.14
net,vissen,0.16
netjes,proper,0.5
neus,gezicht,0.1
niets,leeg,0.18
niets,weinig,0.06
nieuw,mooi,0.08
nieuw,oud,0.12
nieuws,krant,0.07
nieuws,televisie,0.1
nieuws,tv,0.12
nu,direct,0.09
ochtend,moe,0.1
ochtend,zon,0.11
ogen,blauw,0.31
ogen,bril,0.06
ogen,kijken,0.12
ogen,zien,0.11
olie,auto,0.08
olie,vuur,0.07
oma,lief,0.14
oma,oud,0.24
onderzoek,dokter,0.07
onderzoek,universiteit,0.06
ongeluk,auto,0.22
ongeluk,ongeval,0.08
ongeval,auto,0.22
ongeval,dood,0.06
ongeval,erg,0.06
ongeval,ongeluk,0.06
ongeval,pijn,0.09
oog,blauw,0.07
oog,bril,0.08
oog,zien,0.26
oor,geluid,0.07
oorlog,geweld,0.06
open,deur,0.15
oranje,kleur,0.15
oranje,nederland,0.15
oud,jong,0.16
oud,oma,0.16
ouders,moeder,0.11
paard,dier,0.11
papier,pen,0.16
papier,schrijven,0.13
papier,wit,0.18
pastoor,kerk,0.44
pastoor,priester,0.2
pc,computer,0.34
pc,internet,0.07
pc,werk,0.11
pen,papier,0.13
pen,schrijven,0.47
pijn,wonde,0.14
plant,bloem,0.06
plant,groen,0.43
plant,water,0.07
plezier,lachen,0.14
plezier,vrienden,0.09
poep,hond,0.11
poetsen,kuisen,0.31
politie,blauw,0.25
politiek,saai,0.13
post,brief,0.38
potlood,pen,0.06
potlood,schrijven,0.19
potlood,tekenen,0.13
praten,babbelen,0.2
praten,vrienden,0.07
priester,kerk,0.56
priester,pastoor,0.08
proper,kuisen,0.08
proper,net,0.11
proper,netjes,0.12
proper,vuil,0.1
recht,lijn,0.08
reclame,tv,0.11
regen,nat,0.38
regering,politiek,0.1
reis,vakantie,0.2
reis,vliegtuig,0.1
reis,zon,0.07
reizen,vakantie,0.12
reizen,vliegtuig,0.2
reizen,zon,0.08
rekenen,cijfers,0.1
rekenen,wiskunde,0.14
restaurant,eten,0.67
rijk,arm,0.26
rijk,geld,0.42
ring,huwelijk,0.06
ring,rond,0.1
ring,trouwen,0.22
rivier,water,0.54
roepen,boos,0.06
roepen,lawaai,0.07
roepen,luid,0.16
rok,broek,0.1
rok,kort,0.08
rok,meisje,0.11
rok,vrouw,0.09
rok,zomer,0.13
roken,stank,0.09
roken,vies,0.07
rommel,vuil,0.07
rond,bal,0.29
rond,dik,0.1
rood,bloed,0.19
rood,hart,0.1
rood,kleur,0.12
rood,liefde,0.12
ruimte,sterren,0.15
rust,slapen,0.12
ruzie,roepen,0.08
saai,les,0.2
saai,school,0.07
saai,vervelend,0.07
saai,x,0.06
samen,gezellig,0.08
samen,twee,0.12
scherp,mes,0.6
schilderij,kunst,0.12
schilderij,muur,0.06
schilderij,verf,0.15
schip,boot,0.35
schip,water,0.14
schip,zee,0.19
schoen,voet,0.14
schoenen,winkel,0.06
school,leren,0.2
school,les,0.06
schrijven,boek,0.09
schrijven,brief,0.08
schrijven,lezen,0.06
schrijven,papier,0.06
schrijven,pen,0.39
seks,leuk,0.06
seks,liefde,0.1
seks,man,0.1
sex,lekker,0.06
sex,liefde,0.08
sex,vrouw,0.07
slaan,pijn,0.34
slag,pijn,0.06
slag,slaan,0.06
slang,dier,0.06
slang,lang,0.07
slapen,bed,0.48
slapen,moe,0.08
slapen,nacht,0.06
slecht,goed,0.11
slecht,weer,0.1
slim,dom,0.14
slim,school,0.09
sneeuw,koud,0.07
sneeuw,wit,0.64
snel,auto,0.11
snel,lopen,0.09
snoep,chocolade,0.06
snoep,lekker,0.21
snoep,suiker,0.06
snoep,zoet,0.17
soep,groenten,0.13
soep,lekker,0.09
soep,warm,0.25
soldaat,geweer,0.1
soldaat,leger,0.34
soldaat,oorlog,0.31
spaghetti,eten,0.09
spaghetti,lekker,0.07
spaghetti,rood,0.06
speelgoed,bal,0.09
speelgoed,kind,0.08
speelgoed,kinderen,0.07
speelgoed,sinterklaas,0.06
speelgoed,spelen,0.06
spel,leuk,0.07
spel,spelen,0.06
spelen,bal,0.11
spelen,kinderen,0.2
spelen,plezier,0.07
spelen,speelgoed,0.06
sport,lopen,0.07
sport,voetbal,0.22
sport,zwemmen,0.06
spreken,babbelen,0.08
spreken,praten,0.32
spreken,taal,0.13
springen,touw,0.09
stad,druk,0.07
stank,geur,0.13
stank,vies,0.09
steen,hard,0.34
steen,huis,0.09
sterk,man,0.06
sterren,hemel,0.5
stil,luid,0.09
stil,rust,0.1
stil,rustig,0.24
stoel,tafel,0.19
stoel,zitten,0.42
stof,kledij,0.06
stof,vuil,0.13
stom,dom,0.37
stop,auto,0.06
stop,rood,0.09
stop,verkeer,0.08
stoppen,roken,0.06
stoppen,rood,0.1
straat,huis,0.08
straat,weg,0.13
strand,vakantie,0.06
strand,zand,0.23
strand,zee,0.3
strand,zon,0.18
stress,druk,0.07
stress,werk,0.25
studeren,boeken,0.07
studeren,leren,0.27
stuk,deel,0.13
stuk,kapot,0.46
suiker,snoep,0.06
suiker,wit,0.06
suiker,zoet,0.44
taal,spreken,0.11
taart,lekker,0.25
taart,verjaardag,0.14
tafel,eten,0.26
tafel,stoel,0.33
tanden,mond,0.07
tanden,poetsen,0.1
tanden,wit,0.26
tekenen,kleuren,0.06
tekenen,papier,0.08
tekenen,potlood,0.44
tekening,kind,0.14
tekening,kinderen,0.11
tekening,kleuren,0.08
televisie,film,0.1
theater,toneel,0.3
thee,drank,0.06
thee,koffie,0.1
thee,warm,0.1
thuis,familie,0.06
thuis,gezellig,0.18
thuis,huis,0.1
thuis,warm,0.08
thuis,warmte,0.06
tijd,klok,0.2
toilet,papier,0.06
tranen,huilen,0.06
tranen,verdriet,0.43
tranen,wenen,0.22
trein,reizen,0.07
trein,snel,0.07
trouwen,kerk,0.06
trouwen,man,0.11
trouwen,ring,0.15
trouwen,wit,0.07
tuin,bloemen,0.22
tuin,gras,0.26
tuin,groen,0.07
turnen,sport,0.09
tv,film,0.07
twee,getal,0.07
universiteit,school,0.08
universiteit,studeren,0.15
vakantie,zomer,0.06
vakantie,zon,0.37
vallen,pijn,0.44
vals,geld,0.06
varken,boerderij,0.07
varken,dier,0.09
vast,hard,0.06
vechten,geweld,0.06
vechten,pijn,0.11
vechten,ruzie,0.13
vechten,slaan,0.06
veel,eten,0.06
veel,weinig,0.23
ver,weg,0.14
verdriet,pijn,0.2
verdriet,tranen,0.23
verdriet,wenen,0.21
verf,borstel,0.1
verf,kleur,0.17
verf,muur,0.08
verf,rood,0.08
verhaal,boek,0.15
verhaal,sprookje,0.18
verjaardag,cadeau,0.07
verjaardag,feest,0.17
verjaardag,taart,0.21
verkeer,auto,0.28
verkeer,druk,0.14
verkoudheid,neus,0.08
verkoudheid,ziek,0.13
verleden,geschiedenis,0.11
verleden,toekomst,0.09
verleden,vroeger,0.07
verlegen,rood,0.17
vervelend,saai,0.3
vet,dik,0.45
vet,eten,0.07
vies,modder,0.1
vies,vuil,0.37
vis,eten,0.07
vis,water,0.14
vis,zee,0.14
vissen,saai,0.07
vissen,water,0.16
vissen,zee,0.07
vlees,dier,0.06
vlees,eten,0.11
vlees,koe,0.13
vlees,lekker,0.07
vlees,rood,0.06
vliegen,vliegtuig,0.27
vliegen,vogel,0.13
vliegtuig,lucht,0.16
vliegtuig,reis,0.06
vliegtuig,reizen,0.07
vliegtuig,vakantie,0.1
vliegtuig,vliegen,0.07
voet,bal,0.07
voet,schoen,0.15
voetbal,bal,0.12
voetbal,rond,0.08
voetbal,sport,0.11
vogel,ei,0.06
vogel,lucht,0.07
vogel,vliegen,0.21
vogels,lucht,0.08
vogels,natuur,0.06
vogels,vliegen,0.16
vriendelijk,lachen,0.06
vriendelijk,lief,0.3
vriendelijk,vrienden,0.07
vrienden,gezellig,0.06
vrienden,plezier,0.06
vrij,vogel,0.09
vroeger,nu,0.14
vroeger,verleden,0.08
vrolijk,blij,0.4
vrolijk,lachen,0.1
vrouw,man,0.29
vrouw,moeder,0.06
vrouw,mooi,0.13
vrucht,appel,0.29
vrucht,fruit,0.09
vuil,afval,0.06
vuil,modder,0.1
vuil,vies,0.17
vuur,warm,0.36
vuur,water,0.06
wachten,dokter,0.1
wachten,tijd,0.07
wachten,vervelend,0.06
wandelen,bos,0.25
wandelen,natuur,0.06
wapen,dood,0.08
wapen,gevaarlijk,0.09
wapen,geweer,0.11
wapen,geweld,0.11
wapen,oorlog,0.06
warm,heet,0.06
warm,koud,0.19
warm,zomer,0.15
warm,zon,0.19
warmte,gezellig,0.09
warmte,vuur,0.18
warmte,zon,0.18
was,kledij,0.06
was,vuil,0.17
wassen,proper,0.09
wassen,vuil,0.08
wassen,water,0.09
water,blauw,0.08
water,drinken,0.18
water,nat,0.06
water,zee,0.09
wedstrijd,sport,0.08
wedstrijd,voetbal,0.17
wedstrijd,winnen,0.24
weer,regen,0.2
weer,zon,0.23
weg,auto,0.1
weg,straat,0.18
weinig,geld,0.07
weinig,niets,0.08
weinig,veel,0.22
wenen,huilen,0.21
wenen,tranen,0.2
wenen,verdriet,0.21
werken,geld,0.19
werken,studeren,0.06
wijn,frankrijk,0.08
wijn,lekker,0.06
wijn,rood,0.31
wind,koud,0.16
wind,zee,0.1
winkel,eten,0.1
winnen,spel,0.06
winnen,sport,0.06
winnen,wedstrijd,0.14
winter,koud,0.41
winter,sneeuw,0.26
wiskunde,cijfers,0.09
wiskunde,moeilijk,0.12
wiskunde,rekenen,0.2
wit,kleur,0.1
wit,sneeuw,0.19
wit,zwart,0.24
woede,boos,0.19
woede,kwaad,0.19
wonde,bloed,0.34
wonde,pijn,0.29
woorden,spreken,0.08
woorden,taal,0.11
zagen,hout,0.28
zand,strand,0.35
zand,zee,0.37
zee,strand,0.17
zee,water,0.26
zeker,juist,0.07
zeker,vast,0.18
zetel,rust,0.07
zetel,stoel,0.11
zetel,tv,0.07
zetel,zitten,0.15
ziek,bed,0.12
ziek,dokter,0.08
ziek,pijn,0.11
ziekenhuis,bed,0.09
ziekenhuis,dokter,0.08
ziekenhuis,wit,0.14
ziekenhuis,ziek,0.14
ziekte,dood,0.09
ziekte,pijn,0.12
zien,kijken,0.3
zien,ogen,0.36
zingen,dansen,0.07
zingen,lied,0.06
zingen,muziek,0.1
zingen,vals,0.08
zitten,stoel,0.46
zitten,zetel,0.08
zoet,lekker,0.06
zoet,snoep,0.35
zoet,suiker,0.22
zoet,zuur,0.12
zomer,vakantie,0.06
zomer,warm,0.29
zomer,winter,0.08
zomer,zon,0.33
zon,geel,0.07
zon,vakantie,0.08
zon,warm,0.21
zon,warmte,0.16
zon,zee,0.07
zon,zomer,0.09
zot,gek,0.47
zuur,snoep,0.19
zuur,zoet,0.16
zwaar,dik,0.18
zwaar,gewicht,0.12
zwaar,licht,0.09
zwart,donker,0.21
zwart,kleur,0.06
zwart,nacht,0.08
zwart,wit,0.17
zwembad,water,0.47
zwembad,zwemmen,0.1
zwemmen,water,0.46
zwemmen,zwembad,0.09
