node_index,node,feature_kappa,feature_entropy_norm,feature_c_ent,feature_valence,feature_poincare_x,feature_poincare_y,feature_log_degree,feature_eta_local
0,age,0.333333,0.0,0.666666,0.195,0.36810797,0.24607928,-1.0,-0.8172378
1,air,0.25,0.0,0.5,0.4275,-0.35697904,0.5072579,-1.0,-0.8172378
2,airplane,0.2,0.7973265,0.081069395,0.0625,-0.34962234,0.50293416,-0.45952368,0.048113532
3,alcohol,0.0416666,0.9298662,0.0058444743,-0.2225,-0.51502573,0.6413521,0.25494713,0.2211838
4,alien,0.333333,0.0,0.666666,-0.1375,-0.66282886,-0.26426992,-1.0,-0.8172378
5,all,0.333333,0.0,0.666666,0.0,-0.12787981,-0.39051217,-1.0,-0.8172378
6,alone,-0.125,0.8159221,-0.04601948,-0.2875,-0.1999247,-0.5038365,-0.45952368,-0.72108763
7,amazing,0.25,0.0,0.5,0.68,-0.3814995,0.49584514,-1.0,-0.8172378
8,america,-0.25,0.99998176,-9.107732e-06,0.0,-0.6658503,-0.4413653,-0.45952368,-0.72108763
9,anger,-0.32222232,0.8670209,-0.08569767,-0.625,-0.13996594,-0.45156568,-0.14336532,-0.75233644
10,angry,-0.0833335,0.38404697,-0.10265905,-0.6175,-0.13994671,-0.42433083,-0.45952368,-0.72108763
11,animal,-0.29382733,0.95591056,-0.025909362,0.515,-0.73663956,0.26734614,0.71326935,-0.8338525
12,animals,0.0833335,0.99750257,0.0004162431,0.0,-0.73866475,0.2616271,-0.45952368,-0.72108763
13,apple,-0.1438094,0.84354514,-0.044999354,0.405,-0.2157409,-0.75463814,0.25494713,-0.39417714
14,area,-0.361111,0.7678044,-0.16769679,0.14,-0.5534233,-0.30487207,-0.14336532,-0.75233644
15,arm,0.333333,0.0,0.666666,0.11,-0.52619773,-0.18840903,-1.0,-0.8172378
16,army,0.4166665,0.80265814,0.16445148,-0.0875,-0.48625118,-0.09547869,-0.45952368,0.048113532
17,art,0.08333366,0.6498478,0.05835893,0.4625,-0.41629282,-0.5632865,-0.14336532,-0.298027
18,away,-0.18611133,0.9962464,-0.0013971699,0.0,-0.7025798,-0.09420546,-0.14336532,-0.75233644
19,baby,-0.166667,0.96832937,-0.0105569,0.4175,-0.021951294,-0.49046114,-0.45952368,-0.72108763
20,bad,-0.3366668,0.7144955,-0.19223978,-0.44,0.42639178,-0.4684713,0.25494713,-0.64416754
21,bag,-0.266667,0.9754489,-0.013093944,0.0125,0.049625974,0.13633227,-0.14336532,-0.75233644
22,ball,-0.5185187,0.9172137,-0.08585252,0.285,-0.5435633,-0.2956219,0.71326935,-0.92107993
23,band,-0.12152775,0.80375636,-0.047698103,0.36,-0.11635734,0.76367587,0.080952615,-0.14018692
24,bang,-0.23958325,0.933706,-0.031765882,0.025,-0.15475512,0.8100562,0.080952615,-0.5057113
25,bank,0.111111,0.0,0.222222,0.25,0.5534547,-0.080302194,-1.0,-0.8172378
26,baseball,-0.074074,0.9876197,-0.0018341142,0.1975,-0.6688077,-0.44200563,-0.14336532,-0.298027
27,beach,-0.2708335,0.954434,-0.024681596,0.5525,0.31080806,0.64752764,-0.45952368,-0.72108763
28,beautiful,0.1785715,0.6661254,0.11924097,0.6525,0.45560575,-0.6284695,-0.45952368,0.048113532
29,bed,-0.2083335,0.5602019,-0.18324937,0.54,-0.6084253,-0.10109279,-0.45952368,-0.72108763
30,bee,-0.0833335,0.99750257,-0.0004162431,-0.33,-0.5364501,0.4125057,-0.45952368,-0.72108763
31,beer,0.20833325,0.98165184,0.007645059,0.1675,-0.5123448,0.6390786,0.080952615,0.79023886
32,bible,0.013889,0.9077557,0.0025623632,0.185,0.0842144,-0.8037347,-0.14336532,-0.298027
33,big,-0.2416665,0.7108673,-0.13974738,0.16,-0.38410336,0.49450713,0.397111,-0.3555489
34,bird,-0.15,0.7057003,-0.08828991,0.4375,-0.23648155,0.656452,-0.45952368,-0.72108763
35,birthday,-0.275,0.9555947,-0.024422893,0.3425,-0.3700383,-0.33762693,0.080952615,-0.8047767
36,black,-0.369048,0.6687378,-0.2445033,0.1,0.20914675,0.21184665,-0.14336532,-0.75233644
37,blood,0.2,0.0,0.4,-0.38,-0.11394657,-0.52499175,-1.0,-0.8172378
38,blue,-0.55729175,0.93287265,-0.07481905,0.3825,-0.12619883,-0.57822275,0.6214289,-0.7666699
39,board,-0.34722224,0.9723165,-0.01922464,0.0825,-0.6247142,-0.41686398,0.080952615,-0.8047767
40,boat,0.0416665,0.7691928,0.019233854,0.34,0.25072303,0.72522295,-0.45952368,-0.72108763
41,body,0.333333,0.0,0.666666,0.2375,0.640848,-0.473162,-1.0,-0.8172378
42,bone,0.142857,0.0,0.285714,0.06,0.06334326,0.3182459,-1.0,-0.8172378
43,book,-0.0833335,0.9871743,-0.0021376219,0.5125,0.027719297,-0.43494913,-0.45952368,-0.72108763
44,books,0.25,0.0,0.5,0.0,0.35507205,-0.32834455,-1.0,-0.8172378
45,boring,0.25,0.0,0.5,-0.5725,0.23869619,-0.11096393,-1.0,-0.8172378
46,boss,-0.21111134,0.99288803,-0.0030028443,-0.06,0.35931283,-0.15597995,-0.14336532,-0.75233644
47,box,-0.25,0.7495953,-0.12520237,0.0825,-0.1058799,-0.1685567,-0.45952368,-0.72108763
48,boy,-0.44127,0.36570922,-0.559787,0.21,0.41303328,-0.52907604,-0.14336532,-0.75233644
49,brain,-0.30208325,0.8815572,-0.071559146,0.305,0.637842,-0.47702307,0.080952615,-0.5057113
50,brave,-0.30555567,0.9801626,-0.012122866,0.595,0.57843614,-0.14073545,-0.14336532,-0.75233644
51,bread,0.1403845,0.99629176,0.0010411517,0.38,0.7503068,0.2725017,-0.45952368,0.048113532
52,breakfast,-0.0673075,0.9819408,-0.0024310409,0.5975,0.7490483,0.3576922,-0.45952368,-0.72108763
53,bright,-0.195,0.87916845,-0.047124293,0.46,0.42304805,0.36886275,0.25494713,-0.105726704
54,broken,0.0833335,0.9944023,0.00093295187,-0.5625,-0.49590814,0.64518607,-0.45952368,-0.72108763
55,bug,0.2833335,0.39957845,0.34023908,-0.3875,-0.37006652,0.51931083,-0.45952368,0.048113532
56,building,-0.3125,0.99750257,-0.0015609085,0.1175,-0.48290995,0.06415237,-0.45952368,-0.72108763
57,business,-0.240741,0.98551893,-0.006972379,0.12,0.2516965,-0.121416494,-0.14336532,-0.298027
58,buy,0.009259333,0.9339849,0.0012225118,0.455,0.6954254,-0.065169625,-0.14336532,-0.298027
59,cake,-0.37291676,0.9155517,-0.06298437,0.645,0.64376885,0.09979189,0.080952615,-0.8047767
60,calm,-0.125,0.9709506,-0.0072623515,0.4725,-0.44865283,-0.14152631,-0.45952368,-0.72108763
61,camera,-0.0833335,0.82805574,-0.028657436,0.4025,-0.37962043,-0.46479797,-0.45952368,-0.72108763
62,can,0.5,0.0,1.0,0.3525,0.034470756,0.119121514,-1.0,-0.8172378
63,cancer,-0.05625,0.9130043,-0.009787016,-0.775,-0.5375559,0.20735353,0.080952615,-0.14018692
64,candy,0.14444466,0.6379504,0.10459227,0.5675,0.7428975,-0.12688679,-0.14336532,0.28608516
65,car,-0.25,0.970231,-0.014884507,0.4075,0.19816127,0.1513413,0.080952615,-0.8047767
66,card,-0.1666665,0.97602063,-0.0079931095,0.125,-0.6559416,-0.4238224,-0.45952368,-0.72108763
67,cards,-0.3229165,1.0,-0.0,0.0,-0.69193786,-0.33209953,-0.45952368,-0.72108763
68,cat,-0.428889,0.5795461,-0.3606561,0.4875,-0.64060736,0.3823211,0.25494713,-0.64416754
69,change,0.111111,0.0,0.222222,0.0225,0.56104434,-0.09128674,-1.0,-0.8172378
70,cheese,-0.3,0.99998176,-1.0929278e-05,0.4525,-0.5244787,0.605859,-0.45952368,-0.72108763
71,chemistry,0.25,0.0,0.5,0.185,0.36897874,-0.3548289,-1.0,-0.8172378
72,chicken,0.013888666,0.93896925,0.001695271,0.2925,0.72237086,0.4085562,-0.14336532,-0.75233644
73,child,-0.22222233,0.9078614,-0.040950507,0.55,0.22767341,-0.37492007,-0.14336532,-0.75233644
74,chips,0.25,0.9928872,0.0035563963,0.0,0.2272949,0.75148976,-0.45952368,-0.72108763
75,chocolate,-0.3,0.967619,-0.019428609,0.6575,0.7331201,-0.11563571,0.080952615,-0.5057113
76,christmas,0.142857,0.0,0.285714,0.8425,-0.22739035,-0.7692738,-1.0,-0.8172378
77,church,0.18055567,0.9227479,0.027896617,0.0525,0.08816618,-0.81557333,-0.14336532,-0.298027
78,cigarette,-0.125,0.48546076,-0.12863481,-0.5,0.024391681,0.39182976,-0.45952368,-0.72108763
79,circle,-0.111111,0.735253,-0.05883261,0.19,-0.50626105,-0.27487066,-0.14336532,-0.298027
80,clean,0.0625,0.7335379,0.033307757,0.5225,-0.6891678,-0.21307993,-0.45952368,-0.72108763
81,clear,0.0625,0.954434,0.0056957495,0.285,-0.20492432,0.59253496,-0.45952368,0.048113532
82,cloth,0.2,0.0,0.4,0.3,0.20057583,0.48374227,-1.0,-0.8172378
83,clothes,-0.02,0.930224,-0.0027910394,0.4425,0.20534654,0.47354096,0.25494713,-0.64416754
84,coffee,0.24722233,0.7507763,0.12322734,0.5,-0.505384,0.63129497,-0.14336532,1.0
85,cold,-0.18858033,0.90457594,-0.03599021,-0.17,0.51643777,0.61880994,0.71326935,-0.7383177
86,college,0.416667,0.8240618,0.14661527,0.36,0.3585482,-0.37624627,-0.45952368,0.048113532
87,color,-0.4625,0.8548299,-0.13428235,0.5125,-0.11785458,-0.6116625,0.397111,-0.56141675
88,computer,0.1,0.92868924,0.014262153,0.46,-0.54045105,0.5297383,-0.45952368,-0.72108763
89,cook,0.076923,0.0,0.153846,0.53,0.7452594,0.2711992,-1.0,-0.8172378
90,cooking,0.076923,0.0,0.153846,0.4425,0.7483164,0.27146494,-1.0,-0.8172378
91,cool,0.111111,0.0,0.222222,0.455,0.5202672,0.62243557,-1.0,-0.8172378
92,copy,-0.42222235,1.0,-1.8750439000000001e-16,0.055,-0.16667108,0.61293167,-0.14336532,-0.75233644
93,corn,0.333333,0.0,0.666666,0.2375,0.33776018,0.20355798,-1.0,-0.8172378
94,court,0.416667,0.9603568,0.03303603,-0.37,0.61032265,0.029678738,-0.45952368,0.048113532
95,cow,-0.064814664,0.6081235,-0.05079869,0.105,-0.73333913,0.2794853,-0.14336532,-0.298027
96,crazy,0.333333,0.0,0.666666,0.035,-0.12933904,-0.4178184,-1.0,-0.8172378
97,crime,0.375,1.0,0.0,-0.7625,0.0047368305,0.56822526,-0.45952368,0.048113532
98,criminal,-0.0266666,0.99522597,-0.00025461553,-0.7225,0.0149483625,0.5667669,0.25494713,-0.39417714
99,cry,-0.111111335,0.9117602,-0.019608883,-0.445,-0.22017726,-0.5396002,-0.14336532,-0.75233644
100,cup,0.10625,0.79221755,0.044153772,0.235,-0.50521654,0.6335099,0.080952615,0.79023886
101,cut,-0.125,0.7219281,-0.06951798,-0.275,0.062397223,-0.70012194,-0.45952368,-0.72108763
102,cute,-0.08095233,0.9001039,-0.01617364,0.64,0.45316124,-0.6177897,-0.14336532,-0.298027
103,dance,0.2,0.0,0.4,0.5675,-0.6421652,0.1430836,-1.0,-0.8172378
104,dark,-0.43273824,0.8701508,-0.11238143,0.02,0.33607826,0.2738728,0.080952615,-0.8047767
105,day,-0.354762,0.5754852,-0.3012034,0.34,0.22926676,0.25455168,-0.14336532,-0.75233644
106,death,-0.3366666,0.84385055,-0.10514063,-0.7775,-0.46642134,0.13928592,0.25494713,-0.64416754
107,deer,0.111111,0.0,0.222222,0.4725,-0.7277694,0.26753208,-1.0,-0.8172378
108,desert,0.111111,0.0,0.222222,0.09,0.54600424,0.5981753,-1.0,-0.8172378
109,different,-0.0833335,0.81398433,-0.031002674,0.2275,-0.20075388,-0.32144216,-0.45952368,-0.72108763
110,dinner,0.096154,0.7973265,0.038975734,0.35,0.74941087,0.27181062,-0.45952368,0.048113532
111,dirt,0.2,0.0,0.4,-0.125,-0.49530533,-0.31748676,-1.0,-0.8172378
112,dirty,0.5,0.0,1.0,-0.4575,-0.6915066,-0.20225619,-1.0,-0.8172378
113,disease,0.1625,0.948537,0.01672547,-0.83,-0.5257017,0.17139782,0.080952615,0.29179648
114,doctor,-0.2083335,0.7282677,-0.11322187,0.2325,0.6087527,-0.0012076983,-0.45952368,-0.72108763
115,dog,-0.1866668,0.67999315,-0.11946931,0.5,-0.7164671,0.27139422,0.25494713,-0.64416754
116,down,-0.30555567,0.6156868,-0.23485816,0.0,0.12569308,0.15803435,-0.14336532,-0.75233644
117,dress,-0.275,0.95871186,-0.022708464,0.355,0.14095572,0.40164328,-0.45952368,-0.72108763
118,drink,-0.2441667,0.941566,-0.028535264,0.4175,-0.5103418,0.6364948,0.79542345,-0.32533336
119,drug,-0.2083335,0.82805574,-0.0716435,-0.2225,0.6849686,-0.06270369,-0.45952368,-0.72108763
120,drugs,-0.275,1.0,-0.0,-0.285,0.01710215,0.20075808,-0.45952368,-0.72108763
121,drunk,0.25277767,0.8061572,0.09799828,-0.235,-0.51355046,0.64202845,-0.14336532,1.0
122,dumb,0.5,0.62486666,0.3751333,-0.64,0.6281815,-0.42754823,-0.45952368,0.048113532
123,ear,-0.0208335,0.9957275,-0.00017802426,0.215,0.34642464,-0.72448635,-0.45952368,-0.72108763
124,earth,-0.4416666,0.86346984,-0.12060165,0.4575,-0.50411785,-0.34697685,0.25494713,-0.8556979
125,easy,0.1,0.0,0.2,0.6175,0.21317601,-0.13694714,-1.0,-0.8172378
126,eat,-0.2411538,0.7027351,-0.14337312,0.525,0.73762316,0.2686786,0.25494713,-0.39417714
127,egg,0.333333,0.0,0.666666,0.2375,0.72626287,0.40620926,-1.0,-0.8172378
128,eggs,0.125,0.87934786,0.030163042,0.0,0.7384338,0.38421503,-0.45952368,-0.72108763
129,electricity,-0.3035715,0.78309673,-0.13169132,0.2875,0.46252206,0.091454186,-0.45952368,-0.72108763
130,end,-0.275,0.94573814,-0.02984404,-0.0675,-0.43388548,0.13404696,-0.45952368,-0.72108763
131,evil,0.15,0.8014699,0.059559032,-0.665,0.441797,-0.4423456,-0.45952368,0.048113532
132,eye,-0.18518533,0.92812663,-0.026619796,0.295,0.01360562,-0.33285415,-0.14336532,-0.75233644
133,eyes,-0.29,0.93961906,-0.035020933,0.3925,0.20242713,-0.6295493,0.25494713,-0.64416754
134,face,-0.061111,0.7400661,-0.031769644,0.34,0.34454954,-0.7292011,-0.14336532,-0.298027
135,fake,0.25,0.0,0.5,-0.595,0.36444023,-0.50021404,-1.0,-0.8172378
136,fall,-0.2083335,0.77310264,-0.09454065,-0.2775,0.27127457,0.40587354,-0.45952368,-0.72108763
137,false,-0.18750025,0.7303511,-0.101118475,-0.4325,0.36413798,-0.49576294,0.080952615,-0.8047767
138,family,-0.2083335,0.94945204,-0.021061677,0.5625,-0.407069,-0.35821185,-0.45952368,-0.72108763
139,farm,-0.25462967,0.96551937,-0.01755957,0.305,-0.7295924,0.25142252,-0.14336532,-0.75233644
140,fast,-0.18541674,0.7612003,-0.08855493,0.0,-0.6791792,-0.07375188,0.080952615,-0.8047767
141,fat,-0.2283334,0.9690806,-0.014119858,-0.565,-0.4128759,0.51709086,0.25494713,-0.64416754
142,female,-0.18253967,0.8339676,-0.06061499,0.63,0.30776754,-0.5573641,-0.14336532,-0.298027
143,fight,0.166667,0.0,0.333334,-0.365,-0.46165285,-0.10525064,-1.0,-0.8172378
144,film,0.0,0.34549958,0.0,0.3325,-0.34839815,-0.42240536,-0.45952368,-0.72108763
145,find,0.1666665,0.9957275,0.0014241812,0.3625,0.013634142,-0.27815557,-0.45952368,-0.72108763
146,finger,-0.166667,0.9979645,-0.00067851006,0.2,-0.48941013,-0.1884674,-0.45952368,-0.72108763
147,fire,-0.28125,0.9145085,-0.048088957,-0.17,0.48503685,0.61220574,0.080952615,-0.5057113
148,fish,-0.2083335,0.9293636,-0.029431846,0.355,0.22473551,0.7371786,-0.45952368,-0.72108763
149,fix,0.5,0.0,1.0,0.2775,-0.5041288,0.6490565,-1.0,-0.8172378
150,flower,-0.125,1.0,-0.0,0.575,0.5630024,-0.42591423,-0.45952368,-0.72108763
151,flowers,-0.266667,0.8500031,-0.07999845,0.0,0.45095602,-0.6424506,-0.14336532,-0.75233644
152,fly,-0.065,0.88020843,-0.015572907,0.265,-0.3540209,0.52835816,0.25494713,-0.39417714
153,food,-0.255424,0.8910415,-0.055661228,0.63,0.7527579,0.2724694,1.0,-0.8989794
154,foot,-0.18518533,0.92273116,-0.028618103,-0.08,-0.51961106,-0.20119272,-0.14336532,-0.75233644
155,football,0.263889,0.8830035,0.061748188,0.38,-0.6755095,-0.4462802,-0.45952368,0.048113532
156,forever,-0.0833335,0.7385238,-0.043579455,0.0,-0.15401255,-0.43141448,-0.45952368,-0.72108763
157,friend,0.142857,0.0,0.285714,0.4475,0.44472137,-0.62039125,-1.0,-0.8172378
158,fruit,0.152778,0.87812364,0.03724005,0.5,-0.21542756,-0.7561077,-0.14336532,-0.298027
159,fun,-0.2717595,0.9454781,-0.029633684,0.8425,-0.5917162,-0.41534203,0.397111,-0.56141675
160,funny,0.0,0.91234124,0.0,0.6475,-0.3060135,-0.54567623,-0.45952368,-0.72108763
161,game,-0.26080233,0.94518435,-0.028592102,0.4475,-0.66263753,-0.4330935,0.71326935,-0.6344756
162,games,-0.027778,0.90189725,-0.005450197,0.0,-0.6155155,-0.4174672,-0.14336532,-0.298027
163,garbage,-0.0833335,0.45660892,-0.09056536,-0.53,0.042554956,0.13476937,-0.45952368,-0.72108763
164,garden,-0.0833335,0.8366407,-0.027226597,0.5625,0.4802954,-0.5770685,-0.45952368,-0.72108763
165,gas,-0.125,0.9709506,-0.0072623515,-0.235,0.20138822,0.19643551,-0.45952368,-0.72108763
166,ghost,0.142857,0.0,0.285714,-0.1925,0.04992048,0.3017998,-1.0,-0.8172378
167,girl,-0.16309543,0.7159386,-0.09265823,0.5375,0.44091848,-0.6151003,0.51730883,-0.5251817
168,glass,-0.2180555,0.9777958,-0.009683515,0.12,-0.4887605,0.6288522,0.397111,-0.3555489
169,glasses,0.0333335,0.8197227,0.012018544,0.0,0.10802519,-0.5096525,-0.45952368,-0.72108763
170,go,-0.2083335,0.7991318,-0.08369515,0.33,-0.6956933,-0.0887232,0.080952615,-0.8047767
171,god,0.18750025,0.9154879,0.031692076,0.225,0.08342174,-0.8078253,0.080952615,-0.14018692
172,gold,-0.24867767,0.95970726,-0.020039808,0.57,0.48863053,0.0673451,-0.14336532,-0.75233644
173,good,-0.31,0.76532847,-0.14549635,0.7225,0.4494079,-0.4244746,0.25494713,-0.64416754
174,government,0.1666665,0.79310924,0.06896353,-0.305,0.057861198,0.55181855,-0.45952368,-0.72108763
175,grass,0.1,0.0,0.2,0.3675,-0.21963441,-0.7620866,-1.0,-0.8172378
176,great,-0.16875,0.93913025,-0.02054355,0.625,-0.39055237,0.5002251,0.080952615,-0.5057113
177,green,-0.2827579,0.8061329,-0.10963491,0.3225,-0.2200031,-0.7580288,0.79542345,-0.6342852
178,group,-0.2083335,0.99998176,-7.5897824e-06,0.195,-0.049155436,0.69590634,-0.45952368,-0.72108763
179,guitar,0.201389,0.9993613,0.0002572593,0.525,-0.11829498,0.7699606,-0.45952368,0.048113532
180,gun,-0.2083335,0.8497511,-0.06260374,-0.335,-0.14876449,0.7928425,-0.45952368,-0.72108763
181,hair,-0.2916665,0.96471554,-0.020582581,0.295,0.073545784,-0.6879472,0.080952615,-0.8047767
182,hand,-0.055555668,0.9380445,-0.006883958,0.225,-0.50887287,-0.1962901,-0.14336532,-0.75233644
183,happy,-0.2083335,0.88388896,-0.04837964,0.8675,-0.33791763,-0.5292996,0.080952615,-0.8047767
184,hard,-0.4544047,0.86310077,-0.124415316,-0.1625,0.22340496,-0.13548546,0.79542345,-0.9588407
185,hat,0.25,0.8721618,0.063919105,0.1725,0.3439283,-0.7192646,-0.45952368,0.048113532
186,hate,-0.2708335,0.54356444,-0.24723607,-0.76,-0.1530426,-0.4060589,-0.45952368,-0.72108763
187,head,-0.29166666,0.9067265,-0.05440954,0.215,0.34455872,-0.71137124,0.397111,-0.7430648
188,health,-0.275,0.9205167,-0.04371579,0.4625,0.4885235,-0.28025767,-0.45952368,-0.72108763
189,heart,-0.361111,0.72730917,-0.19694334,0.4875,-0.15001483,-0.29347977,-0.14336532,-0.75233644
190,heat,0.08333325,0.92538095,0.012436491,-0.0575,0.53274935,0.6074884,0.080952615,0.79023886
191,heavy,-0.357143,0.8487286,-0.10805106,-0.055,0.22533625,0.38729823,-0.14336532,-0.75233644
192,help,0.333333,0.0,0.666666,0.4875,0.29903227,0.14518933,-1.0,-0.8172378
193,high,-0.33333367,0.9458551,-0.03609666,0.1925,-0.044304572,0.13436098,-0.14336532,-0.75233644
194,hit,-0.2666665,0.9957275,-0.0022786907,-0.2625,-0.6565464,-0.11412156,-0.45952368,-0.72108763
195,home,-0.44583318,0.62293756,-0.33621392,0.62,-0.50307745,-0.3235351,0.397111,-0.90049314
196,honest,0.125,0.9881824,0.0029543901,0.79,0.33136582,-0.49656335,-0.45952368,-0.72108763
197,horse,0.1944445,0.90438145,0.037185,0.2625,-0.7331467,0.27225962,-0.45952368,0.048113532
198,hot,-0.15524688,0.90129125,-0.030648444,0.1825,0.54056585,0.59205574,0.71326935,-0.40186915
199,house,-0.49479175,0.68449,-0.3122235,0.5475,-0.6758664,-0.2053448,0.6214289,-0.97179025
200,ice,-0.1666665,0.70883566,-0.097054675,0.265,0.3643932,0.67935455,-0.45952368,-0.72108763
201,ice cream,-0.3444445,0.82805574,-0.11845052,0.0,0.6200235,0.4438378,-0.45952368,-0.72108763
202,idea,0.25,0.0,0.5,0.5125,0.63813066,-0.47224677,-1.0,-0.8172378
203,idiot,0.5,0.925686,0.07431401,-0.4925,0.62548286,-0.42539975,-0.45952368,0.048113532
204,illness,0.375,0.8602859,0.1047856,-0.7625,-0.5511495,0.18995251,-0.45952368,0.048113532
205,indian,-0.294872,0.99677163,-0.0019039134,0.0,0.7065648,0.17203124,-0.45952368,-0.72108763
206,insect,0.05,0.5335478,0.04664522,-0.1425,-0.37314948,0.5085831,-0.14336532,-0.298027
207,instrument,-0.079861,0.89626956,-0.016568031,0.42,-0.112947375,0.76112086,0.080952615,-0.14018692
208,internet,0.5,0.0,1.0,0.42,-0.537057,0.52901065,-1.0,-0.8172378
209,iron,-0.3285715,0.8453509,-0.10162655,0.0075,0.2058006,0.4642543,-0.45952368,-0.72108763
210,island,-0.16666667,1.0,-7.401487e-17,0.545,0.25454912,0.69540757,-0.14336532,-0.298027
211,jail,0.42222235,0.4361813,0.4761137,-0.7725,0.0037972983,0.5836715,-0.14336532,0.28608516
212,jesus,0.25,0.0,0.5,0.0,0.08488181,-0.81409824,-1.0,-0.8172378
213,job,0.166667,0.0,0.333334,0.16,0.23542313,-0.1429317,-1.0,-0.8172378
214,join,0.333333,0.0,0.666666,0.2075,-0.14002678,-0.4084089,-1.0,-0.8172378
215,kind,0.25,0.0,0.5,0.695,0.50149757,-0.4754398,-1.0,-0.8172378
216,king,0.0,0.50443983,0.0,0.25,-0.62763107,0.3896375,-0.45952368,-0.72108763
217,knife,0.0,0.89843315,0.0,-0.1675,0.059288017,-0.68092394,-0.45952368,-0.72108763
218,knowledge,-0.416667,0.9267193,-0.061067298,0.57,0.58000326,-0.34587464,-0.14336532,-0.75233644
219,language,-0.27777767,0.9447852,-0.030674892,0.345,-0.20286539,0.1695605,-0.14336532,-0.75233644
220,large,-0.07083325,0.73192173,-0.03797771,0.1925,-0.3984038,0.5061691,0.080952615,0.29179648
221,laugh,-0.013889,0.7780486,-0.006165366,0.64,-0.3102738,-0.5422336,-0.14336532,-0.75233644
222,law,0.138889,0.99230295,0.002138073,-0.1125,0.61816424,0.03722436,-0.14336532,-0.298027
223,lawyer,0.138889,0.9629467,0.010292588,-0.265,0.6334891,0.01917358,-0.14336532,-0.298027
224,lazy,-0.42222235,0.9850568,-0.012618687,-0.4875,-0.6175566,0.2586424,-0.14336532,-0.75233644
225,leader,0.333333,0.0,0.666666,0.31,0.36858293,-0.15280965,-1.0,-0.8172378
226,leave,0.25,0.0,0.5,-0.08,-0.69795316,-0.0865823,-1.0,-0.8172378
227,letter,-0.125,0.7575666,-0.060608353,0.17,0.28502274,-0.15997022,0.080952615,-0.8047767
228,lie,-0.20833333,0.9391653,-0.025347788,-0.6525,0.32742125,-0.47091332,-0.14336532,-0.75233644
229,life,-0.275,0.55357236,-0.24553521,0.42,0.4281654,0.21302699,-0.45952368,-0.72108763
230,light,-0.28554428,0.8385902,-0.09217929,0.3875,0.40455788,0.37327054,0.51730883,-0.5251817
231,like,-0.1875,0.7284505,-0.10183107,0.61,-0.17269003,-0.34510532,-0.45952368,-0.72108763
232,lion,-0.15,0.9366674,-0.018999785,0.21,-0.64364684,0.38107762,-0.45952368,-0.72108763
233,long,-0.2333335,0.47983202,-0.24274524,0.0,-0.26519784,0.25859684,-0.45952368,-0.72108763
234,look,0.0,0.5509394,0.0,0.2375,0.03765875,-0.27990007,-0.14336532,-0.298027
235,lost,0.5,0.0,1.0,-0.6175,0.009266868,-0.25779775,-1.0,-0.8172378
236,loud,0.097222,0.70638585,0.05709151,0.0,-0.14809565,0.8156109,0.080952615,0.29179648
237,love,-0.40625012,0.88795954,-0.0910329,0.75,-0.18403795,-0.32723662,0.6214289,-0.97179025
238,machine,-0.34127,0.99083465,-0.006255707,0.0,-0.1298416,0.6485543,-0.14336532,-0.75233644
239,mad,-0.055555668,0.79805225,-0.022438684,-0.6325,-0.15287758,-0.42160922,-0.14336532,-0.75233644
240,mail,-0.275,0.6789539,-0.17657536,0.32,0.369187,-0.16044007,-0.45952368,-0.72108763
241,man,-0.4666668,0.5522582,-0.4178925,0.105,0.38165176,-0.20280905,0.25494713,-0.8556979
242,map,0.25,0.0,0.5,0.2025,-0.45158684,-0.16750078,-1.0,-0.8172378
243,marriage,-0.277778,0.79888487,-0.111730725,0.64,-0.13732344,-0.30110437,-0.14336532,-0.75233644
244,math,-0.2,0.74609625,-0.10156149,-0.1375,0.2751859,-0.15027831,-0.45952368,-0.72108763
245,me,0.16666633,0.60435677,0.1318808,0.0,0.2712619,0.13197373,-0.14336532,-0.75233644
246,mean,0.25,0.91375643,0.043121785,-0.6425,-0.12544502,-0.41544452,-0.45952368,-0.72108763
247,meat,0.1403845,0.89974374,0.028148845,0.405,0.75383854,0.275195,-0.45952368,0.048113532
248,medicine,-0.25,0.8456227,-0.07718865,0.225,0.59920514,-0.036234714,0.080952615,-0.8047767
249,meeting,-0.1145835,0.996307,-0.0008463059,-0.1125,0.22118258,-0.10580825,0.080952615,-0.5057113
250,metal,-0.5091839,0.94180185,-0.059267115,0.0125,0.17836839,0.40679544,0.51730883,-0.9389278
251,military,0.4166665,0.88064283,0.09946426,-0.025,-0.50304914,-0.090824716,-0.45952368,0.048113532
252,milk,-0.47460333,0.736896,-0.2497401,0.435,-0.52172905,0.41304016,-0.14336532,-0.75233644
253,mind,0.111111,0.73927057,0.05793982,0.425,0.638362,-0.47554085,-0.14336532,-0.298027
254,mine,0.333333,0.0,0.666666,0.0,0.4957208,0.068433866,-1.0,-0.8172378
255,money,-0.32222244,0.89775157,-0.06589348,0.525,0.5405553,-0.08856383,0.71326935,-1.0
256,moon,-0.1875,0.61383307,-0.1448126,0.5,0.45396134,0.43916717,-0.45952368,-0.72108763
257,mother,-0.0416665,1.0,-0.0,0.6325,-0.12362014,-0.31073114,-0.45952368,-0.72108763
258,mountain,-0.166667,0.9852281,-0.0049239644,0.4125,0.19899744,-0.49144465,-0.45952368,-0.72108763
259,mouse,-0.27,0.9625054,-0.020247072,-0.05,-0.54194134,0.53395885,0.25494713,-0.64416754
260,move,-0.37500033,0.968059,-0.02395578,-0.0125,-0.69794136,-0.08729826,-0.14336532,-0.75233644
261,movie,0.25,0.44652972,0.27673516,0.56,-0.3369129,-0.3969985,-0.45952368,-0.72108763
262,music,-0.2231041,0.9452719,-0.024420112,0.6675,-0.11430177,0.77718794,0.71326935,-0.6344756
263,name,0.333333,0.0,0.666666,0.155,0.2809351,0.14029647,-1.0,-0.8172378
264,nature,0.21269867,0.9850568,0.006356788,0.47,-0.22255814,-0.7613393,-0.14336532,0.28608516
265,needle,0.5,0.0,1.0,-0.2575,0.061902378,-0.68870735,-1.0,-0.8172378
266,new,-0.166667,0.86408037,-0.045306638,0.67,0.38468346,0.31369218,-0.45952368,-0.72108763
267,news,0.45,0.9012227,0.08889956,-0.01,-0.14415097,0.62069976,-0.45952368,0.048113532
268,newspaper,0.45,0.81243515,0.16880837,0.0275,-0.150954,0.6177235,-0.45952368,0.048113532
269,nice,-0.24375,0.8619863,-0.06728169,0.4875,0.50300753,-0.47215995,0.080952615,-0.8047767
270,night,-0.3966668,0.7196483,-0.2224124,0.42,0.24938644,0.27035224,0.25494713,-0.8556979
271,noise,0.26388866,0.83524144,0.08695583,-0.41,-0.15120448,0.8245569,-0.14336532,0.28608516
272,nose,-0.025,0.84585214,-0.0077073923,0.125,0.33787385,-0.719636,0.080952615,-0.5057113
273,number,-0.2083335,0.77934986,-0.09193764,0.1475,0.29901716,-0.15977053,-0.45952368,-0.72108763
274,numbers,-0.0833335,0.6471836,-0.05880285,0.0,0.2705225,-0.14963493,-0.45952368,-0.72108763
275,ocean,-0.20833325,0.64762515,-0.1468228,0.5975,0.25602585,0.69277954,0.080952615,-0.5057113
276,odd,-0.29629666,0.80448645,-0.11586003,-0.11,-0.20642322,-0.33228344,-0.14336532,-0.75233644
277,oil,-0.0833335,1.0,-0.0,-0.2725,0.21657394,0.21036741,-0.45952368,-0.72108763
278,old,-3.3333333e-07,0.91704166,-5.5305552e-08,-0.4525,0.37463787,0.23307446,-0.14336532,-0.75233644
279,one,-3.3333333e-07,0.8044315,-1.30379e-07,0.2725,0.30096748,-0.1857029,-0.14336532,-0.75233644
280,orange,0.2833335,0.9940973,0.0033448606,0.4525,-0.21278898,-0.7592944,-0.45952368,0.048113532
281,paint,-0.45833334,0.90095985,-0.09078679,0.185,-0.40234482,-0.5274749,-0.14336532,-0.75233644
282,painting,0.416667,0.8725823,0.106181495,0.475,-0.42207682,-0.564241,-0.45952368,0.048113532
283,pants,0.45,0.954434,0.041009396,0.155,0.20449826,0.49382123,-0.45952368,0.048113532
284,paper,-0.0533334,0.83442086,-0.017661797,0.105,-0.1600332,0.61708385,0.25494713,-0.64416754
285,part,0.25,0.0,0.5,-0.0575,0.07461463,-0.6858681,-1.0,-0.8172378
286,party,-0.3777778,0.9379837,-0.04685678,0.545,-0.6529104,0.13332115,0.25494713,-0.8556979
287,pay,0.111111,0.0,0.222222,0.3075,0.5589178,-0.083471715,-1.0,-0.8172378
288,peace,-0.32291675,0.8669371,-0.08593649,0.6875,-0.4586012,-0.1539475,0.080952615,-0.5057113
289,pen,-0.15,0.9946938,-0.0015918614,0.1575,-0.15973504,0.5117604,-0.45952368,-0.72108763
290,penis,0.333333,0.0,0.666666,0.075,0.10351906,-0.52985936,-1.0,-0.8172378
291,people,-0.22222233,0.77319205,-0.10080359,0.175,0.050914284,0.53915334,-0.14336532,-0.75233644
292,person,-0.32222232,0.75837636,-0.15571307,0.275,0.26929152,0.15474959,-0.14336532,-0.75233644
293,phone,0.333333,0.0,0.666666,0.2725,-0.28372222,0.109166935,-1.0,-0.8172378
294,picture,0.138889,0.9197259,0.022298386,0.4325,-0.42074963,-0.56556153,-0.14336532,-0.298027
295,pie,-0.28803432,0.7583127,-0.1392285,0.3625,0.6611709,0.13003525,-0.14336532,-0.75233644
296,place,-0.41666666,0.8625282,-0.11455983,0.215,-0.49501795,-0.31556597,-0.14336532,-0.75233644
297,plane,0.13125,0.9022109,0.025669636,0.18,-0.35101792,0.5165938,0.080952615,-0.5057113
298,plant,0.1142855,0.8524052,0.033735897,0.5125,-0.21890053,-0.75753963,-0.45952368,0.048113532
299,play,-0.34722233,0.9415308,-0.040603608,0.6375,-0.5902744,-0.4030077,0.397111,-0.3555489
300,police,-0.2083335,0.9366674,-0.026388612,-0.1025,0.40860224,0.111078605,-0.45952368,-0.72108763
301,politics,0.5,0.0,1.0,-0.25,0.08141801,0.5590679,-1.0,-0.8172378
302,poop,0.2,0.0,0.4,-0.6,-0.7216725,0.27092767,-1.0,-0.8172378
303,poor,0.5,0.0,1.0,-0.3325,0.57929903,-0.088878036,-1.0,-0.8172378
304,pop,0.111111,0.0,0.222222,0.2625,-0.115887776,0.76931244,-1.0,-0.8172378
305,potato,0.5,0.0,1.0,0.35,0.22799957,0.75314265,-1.0,-0.8172378
306,power,-0.29166675,0.9258673,-0.043244068,0.2425,0.5858976,-0.2985495,0.080952615,-0.8047767
307,pretty,-0.1092858,0.8334017,-0.03641366,0.675,0.4548509,-0.6142511,0.25494713,-0.39417714
308,priest,0.333333,0.0,0.666666,-0.125,0.08361805,-0.81090415,-1.0,-0.8172378
309,prison,0.375,0.36880773,0.47339422,-0.765,-0.000427999,0.585769,-0.45952368,0.048113532
310,queen,0.0,0.4122161,0.0,0.38,-0.5856859,0.4016364,-0.45952368,-0.72108763
311,quick,0.25,0.0,0.5,0.27,-0.6971107,-0.06780061,-1.0,-0.8172378
312,quiet,0.25,0.9723595,0.013820268,0.3675,-0.4523548,-0.1485236,-0.45952368,-0.72108763
313,race,0.2,0.0,0.4,0.11,-0.67777586,-0.075852096,-1.0,-0.8172378
314,rain,-0.0208335,0.91188,-0.0036716964,0.395,0.3864385,0.68784946,0.080952615,-0.5057113
315,red,-0.3258334,0.9251727,-0.04876248,0.1675,-0.12481679,-0.52303845,0.25494713,-0.64416754
316,religion,0.25000033,0.91814584,0.040927134,0.105,0.08592666,-0.81006014,-0.14336532,0.28608516
317,rich,0.0555555,0.86596537,0.014892724,0.4575,0.56226534,-0.07809364,-0.45952368,-0.72108763
318,right,0.333333,0.0,0.666666,0.58,0.40534538,-0.4692338,-1.0,-0.8172378
319,ring,-0.30555567,0.8841545,-0.070794486,0.5225,-0.45727232,-0.18498279,-0.14336532,-0.75233644
320,river,0.083333,0.0,0.166666,0.43,0.25218055,0.70539254,-1.0,-0.8172378
321,road,0.5,0.0,1.0,0.1475,0.19152346,0.17734772,-1.0,-0.8172378
322,rock,-0.17152774,0.6606008,-0.11643276,0.18,-0.09264422,0.7203766,0.080952615,-0.14018692
323,room,-0.40104175,0.93111354,-0.055252712,0.1375,-0.66599536,-0.23962499,0.080952615,-0.8047767
324,round,-0.32847226,0.86955386,-0.08569589,0.2225,-0.5107524,-0.29616892,0.080952615,-0.5057113
325,rude,0.5,0.0,1.0,-0.74,-0.13845968,-0.40745908,-1.0,-0.8172378
326,run,-0.2033334,0.8970413,-0.041869882,0.3525,-0.6760621,-0.085873805,0.25494713,-0.8556979
327,sad,-0.32291675,0.8916197,-0.06999565,-0.725,-0.2295239,-0.51756823,0.080952615,-0.8047767
328,same,0.0,0.5557739,0.0,0.0,-0.17835577,-0.3402696,-0.45952368,-0.72108763
329,sandwich,-0.0107692,0.9427689,-0.0012326669,0.545,0.7368944,0.27893144,0.25494713,-0.105726704
330,scary,0.5,0.0,1.0,-0.5,-0.3469541,-0.37904832,-1.0,-0.8172378
331,school,0.30555567,0.9235571,0.04671511,0.1025,0.36775678,-0.3678461,-0.14336532,-0.298027
332,science,-0.22916675,0.89635366,-0.047504585,0.33,0.38989902,-0.37292078,0.080952615,-0.8047767
333,sea,0.25,0.0,0.5,0.39,0.2510988,0.70439625,-1.0,-0.8172378
334,secret,0.5,0.0,1.0,0.0825,-0.44655666,-0.15966125,-1.0,-0.8172378
335,see,-0.12916675,0.7724189,-0.058791813,0.3175,0.02301724,-0.3489164,0.080952615,-0.5057113
336,sex,-0.18055567,0.9829449,-0.0061587947,0.4325,0.10888821,-0.52533436,-0.14336532,-0.75233644
337,sexy,0.111111,0.0,0.222222,0.605,0.547641,0.59746534,-1.0,-0.8172378
338,sharp,0.25,0.4782661,0.26086697,0.06,0.058720745,-0.68135893,-0.45952368,-0.72108763
339,sheep,0.111111,0.0,0.222222,0.08,-0.7264446,0.26209748,-1.0,-0.8172378
340,shiny,-0.32857168,0.9520904,-0.0314835,0.42,0.37259504,0.34215865,-0.14336532,-0.75233644
341,ship,0.5,0.0,1.0,0.285,0.25131622,0.7202166,-1.0,-0.8172378
342,shirt,0.45,0.89445186,0.0949933,0.14,0.20992634,0.48502132,-0.45952368,0.048113532
343,shoe,0.333333,0.0,0.666666,0.195,-0.5395438,-0.20703408,-1.0,-0.8172378
344,shop,0.416667,0.8497511,0.12520748,0.2225,0.7009073,-0.06943971,-0.45952368,0.048113532
345,shopping,-0.277778,0.9852281,-0.0082065975,0.0,0.42014265,-0.019502714,-0.45952368,-0.72108763
346,short,-0.177778,0.85991144,-0.049809318,0.1675,-0.3677835,0.3474162,-0.14336532,-0.75233644
347,show,-0.32222232,0.8829711,-0.07541865,0.2275,-0.20113114,0.13092351,-0.14336532,-0.75233644
348,sick,0.05208325,0.7487565,0.026171152,-0.6775,-0.545094,0.19092697,0.080952615,-0.14018692
349,sign,-0.388889,0.83596253,-0.12758473,0.0675,-0.21086973,0.16308878,-0.14336532,-0.75233644
350,silly,-0.277778,0.9163078,-0.04649571,0.43,-0.32206172,-0.52917355,-0.14336532,-0.75233644
351,skin,0.5,0.0,1.0,0.195,0.2393984,-0.14175178,-1.0,-0.8172378
352,sleep,-0.32222232,0.6617731,-0.21796852,0.555,-0.50263304,0.09084217,-0.14336532,-0.75233644
353,small,-0.1516666,0.8148449,-0.056163687,0.19,-0.49031532,0.5109854,0.25494713,-0.39417714
354,smart,-0.49166676,0.991637,-0.008223651,0.6825,0.61148727,-0.399664,0.080952615,-0.8047767
355,smell,-0.2083335,0.7630791,-0.09871711,0.3475,0.40498525,-0.68530816,-0.45952368,-0.72108763
356,smoke,-0.125,0.88295895,-0.029260257,-0.39,0.38452533,0.5683371,-0.45952368,-0.72108763
357,snow,-0.37748024,0.77098686,-0.17289586,0.445,0.37258977,0.62215745,0.080952615,-0.8047767
358,soft,0.05,0.6755408,0.032445922,0.5325,0.20659243,-0.11539749,-0.45952368,-0.72108763
359,song,-0.1944445,0.74248755,-0.10014375,0.6475,-0.19765134,0.6934207,-0.45952368,-0.72108763
360,sound,0.171296,0.8061245,0.066420205,0.3625,-0.15186042,0.8213315,-0.14336532,0.28608516
361,soup,-0.31789526,0.99254924,-0.0047371164,0.5125,0.64319813,0.4875902,0.080952615,-0.5057113
362,space,-0.138889,0.958602,-0.011499446,0.4725,-0.65906507,-0.26032078,-0.14336532,-0.75233644
363,speak,-0.333333,0.51819766,-0.32120126,0.2275,-0.20691302,0.14593291,-0.14336532,-0.75233644
364,speed,-0.25,0.80235344,-0.09882328,0.4275,-0.27580595,0.009896312,-0.45952368,-0.72108763
365,spice,-0.43376076,0.9983119,-0.0014644582,0.3875,0.6509084,0.24380675,0.080952615,-0.8047767
366,sport,0.22222233,0.9067466,0.041445956,0.4875,-0.6765267,-0.44697443,-0.14336532,0.28608516
367,square,-0.19791675,0.9114155,-0.035064697,0.0275,-0.5267862,-0.29253638,0.080952615,-0.5057113
368,star,0.134524,0.93495154,0.017501159,0.6175,0.43214065,0.39680195,-0.14336532,1.0
369,stars,-0.15,0.99998176,-5.464639e-06,0.0,0.42764765,0.42672178,-0.45952368,-0.72108763
370,steal,0.5,0.0,1.0,-0.7075,-0.007006975,0.600269,-1.0,-0.8172378
371,stick,-0.39153466,0.9911595,-0.006922747,0.0675,-0.30191463,-0.37697247,-0.14336532,-0.75233644
372,stone,-0.138889,0.49012384,-0.14163238,-0.0475,-0.0024557107,-0.025281219,-0.14336532,-0.298027
373,stop,-0.35416675,0.8054353,-0.1378167,-0.0675,-0.39330518,0.1319214,0.080952615,-0.8047767
374,store,0.138889,0.6462578,0.098261796,0.235,0.70998776,-0.06734873,-0.14336532,-0.298027
375,story,-0.0833335,0.8735129,-0.021081224,0.5675,-0.113448575,-0.054793943,-0.45952368,-0.72108763
376,street,0.125,0.57700425,0.10574894,0.0175,0.18561442,0.16370283,-0.45952368,-0.72108763
377,strength,-0.25,0.99107605,-0.00446197,0.4325,0.60261434,-0.26806518,-0.45952368,-0.72108763
378,strong,-0.24166675,0.7997238,-0.0968002,0.4525,0.58527714,-0.21092427,0.080952615,-0.8047767
379,study,-0.32916674,0.95301974,-0.030928688,0.195,0.3566031,-0.34866232,0.080952615,-0.8047767
380,stupid,-0.10416675,0.69940996,-0.06262297,-0.54,0.6200609,-0.4242685,0.080952615,-0.5057113
381,sugar,-0.094444335,0.50576544,-0.093355305,0.39,0.7449231,-0.12436147,-0.14336532,-0.298027
382,sun,-0.35595238,0.8656432,-0.09564923,0.48,0.4649387,0.47128442,0.6214289,-0.5159673
383,sweet,-0.1166666,0.8087299,-0.044629667,0.6925,0.7387218,-0.13203529,0.25494713,-0.39417714
384,talk,-0.055555668,0.5525141,-0.049720757,0.41,-0.2671211,0.08919495,-0.14336532,-0.75233644
385,tall,-0.3020835,0.6856863,-0.18989798,0.4275,-0.33614174,0.30205926,0.080952615,-0.8047767
386,tea,-0.19,0.8521988,-0.056164473,0.39,-0.50537056,0.61738217,0.25494713,-0.105726704
387,teacher,0.333333,0.0,0.666666,0.5925,0.36630836,-0.3535623,-1.0,-0.8172378
388,teeth,0.142857,0.0,0.285714,0.0,0.052486625,0.31854302,-1.0,-0.8172378
389,television,0.1666665,0.7390533,0.08698213,0.545,-0.17600818,0.1171656,-0.45952368,-0.72108763
390,tell,-0.27777767,0.86854213,-0.07303213,0.0675,-0.1909272,0.1205363,-0.14336532,-0.75233644
391,thief,0.1,0.4956264,0.10087472,-0.67,-0.0139876045,0.6053455,-0.45952368,-0.72108763
392,thin,0.2,0.0,0.4,0.1175,-0.40429857,0.5183715,-1.0,-0.8172378
393,think,-0.13125,0.9331126,-0.017557941,0.42,0.63533217,-0.46930766,0.080952615,-0.5057113
394,throw,-0.1666665,0.9059282,-0.03135723,0.1375,-0.66922706,-0.107120685,-0.45952368,-0.72108763
395,time,-0.4266668,0.91959214,-0.068614714,0.15,-0.198704,0.15296867,0.25494713,-0.8556979
396,tiny,0.15,0.37764633,0.18670611,0.025,-0.52573526,0.5304648,-0.45952368,0.048113532
397,tired,-0.361111,0.934505,-0.047301948,-0.1775,-0.5495365,0.18313266,-0.14336532,-0.75233644
398,together,0.16666633,0.9658351,0.011388279,0.0,-0.13926248,-0.38941717,-0.14336532,-0.75233644
399,toilet,0.2,0.0,0.4,-0.3225,-0.15066934,0.61375946,-1.0,-0.8172378
400,top,0.027777666,0.99083126,0.00050937146,0.25,0.3409012,-0.712575,-0.14336532,-0.298027
401,trash,0.25,0.54454297,0.22772853,-0.565,0.030006161,0.1334007,-0.45952368,-0.72108763
402,travel,0.25,0.0,0.5,0.7225,-0.34784323,0.5043001,-1.0,-0.8172378
403,tree,-0.12482986,0.8832447,-0.029149093,0.6475,-0.22406395,-0.75596964,0.51730883,-0.5251817
404,trees,0.07777767,0.8107657,0.029436408,0.0,-0.22344261,-0.763826,-0.14336532,-0.298027
405,true,-0.277778,0.61965907,-0.21130069,0.6275,0.3366419,-0.5106535,-0.14336532,-0.75233644
406,truth,0.125,0.9271302,0.018217452,0.5475,0.330535,-0.49035662,-0.45952368,-0.72108763
407,tv,0.5,0.0,1.0,0.2625,-0.17581835,0.09702838,-1.0,-0.8172378
408,two,0.333333,0.0,0.666666,0.325,0.29222614,-0.17301135,-1.0,-0.8172378
409,university,0.055555668,0.67377627,0.036247153,0.4875,0.3507072,-0.35524058,-0.14336532,-0.298027
410,up,-0.37500024,0.58707714,-0.30969235,0.0,0.010687745,0.19434094,0.080952615,-0.8047767
411,vegetable,-0.474626,0.9701345,-0.028349895,0.4475,-0.20345694,-0.69070655,0.080952615,-0.8047767
412,wait,-0.275,0.98869944,-0.0062153256,-0.1125,-0.32767805,0.1298476,-0.45952368,-0.72108763
413,walk,-0.2333335,0.7553754,-0.11415822,0.4425,-0.4013545,0.03998135,-0.45952368,-0.72108763
414,war,-0.14722234,0.8882749,-0.03289685,-0.6925,-0.47281525,-0.09007771,0.397111,-0.56141675
415,warm,-0.0933334,0.9228834,-0.014395107,0.625,0.54971,0.5852262,0.25494713,0.58655435
416,watch,-0.1,0.95284563,-0.009430869,0.1125,-0.0033711523,-0.27209827,-0.14336532,-0.298027
417,water,-0.34166676,0.93754023,-0.04268086,0.5,0.25353637,0.7188291,0.9375873,-0.85245055
418,weak,0.25,0.0,0.5,-0.5125,0.58414066,-0.20416866,-1.0,-0.8172378
419,weather,0.0694445,1.0,0.0,0.2625,0.4624836,0.6542057,-0.45952368,-0.72108763
420,wedding,-0.464286,0.822856,-0.16449095,0.5875,-0.06863841,0.035358366,0.080952615,-0.8047767
421,weight,-0.2333335,0.803091,-0.091890946,-0.2725,-0.15886515,0.438226,-0.45952368,-0.72108763
422,weird,-0.2083335,0.7037945,-0.123419076,0.0225,0.096466646,-0.31451222,-0.45952368,-0.72108763
423,wet,0.0046296665,0.8769345,0.0011395044,0.16,0.37917247,0.6854162,-0.14336532,-0.298027
424,white,-0.261905,0.7810674,-0.114679106,0.295,0.06848593,0.29604515,0.51730883,-0.9389278
425,wife,-0.083333336,0.9979705,-0.0003382443,0.425,-0.110253885,-0.3199554,-0.14336532,-0.75233644
426,wine,-0.275,0.88194597,-0.06492971,0.2125,-0.506593,0.62787515,0.25494713,-0.64416754
427,woman,-0.32648826,0.7549598,-0.16000547,0.5225,0.31398922,-0.5515193,0.080952615,-0.5057113
428,wood,-0.38809526,0.7682005,-0.17992057,0.205,-0.2398819,-0.7189592,0.080952615,-0.8047767
429,word,0.25,0.0,0.5,0.1925,0.30977592,-0.17242914,-1.0,-0.8172378
430,words,-0.0833335,0.79504025,-0.03416002,0.0,-0.17412613,0.32940203,-0.45952368,-0.72108763
431,work,-0.36527783,0.83224684,-0.12255302,0.0125,0.24233563,-0.14901185,0.397111,-0.7430648
432,world,-0.17916675,0.9020293,-0.035106182,0.365,-0.4569329,-0.15655515,0.080952615,-0.5057113
433,writing,0.0,0.8453509,0.0,0.0,-0.15108252,0.42035085,-0.45952368,-0.72108763
434,wrong,-0.18333367,0.4997033,-0.18344246,-0.44,0.40198755,-0.48857906,-0.14336532,-0.75233644
435,yellow,-0.23611133,0.92566407,-0.0351031,0.2725,0.34729934,0.15982366,-0.14336532,-0.75233644
436,you,-0.166667,0.3471238,-0.21762584,0.0,0.26776922,0.13881454,-0.45952368,-0.72108763
437,young,-0.166667,0.7219281,-0.09269082,0.3275,0.23238967,-0.057038553,-0.45952368,-0.72108763
