regime,step,mean_entropy_production
normative,0,0.0
normative,1,0.6839214264169335
normative,2,0.6761952376917004
normative,3,0.6926507720842957
normative,4,0.6847364566504955
normative,5,0.6922111114576459
normative,6,0.6865601259246469
normative,7,0.6847782067552209
normative,8,0.6859991815969348
normative,9,0.6803446874827147
normative,10,0.6790634041011333
normative,11,0.678779668097198
normative,12,0.6743977939158678
normative,13,0.6752253924146294
normative,14,0.6791924032211304
normative,15,0.682688766002655
normative,16,0.6811769172221422
normative,17,0.6831904316455126
normative,18,0.6801158437743783
normative,19,0.6773365027934313
normative,20,0.6773980178341269
normative,21,0.6779794584333897
normative,22,0.6802847038060427
normative,23,0.6843141541779041
normative,24,0.6813605546027421
normative,25,0.6790511049732566
normative,26,0.6812321887627244
normative,27,0.6820993602126837
normative,28,0.6840508561685681
normative,29,0.680991755130887
normative,30,0.6819275881260634
normative,31,0.6841896097972989
normative,32,0.6793505613625049
normative,33,0.6767911430105567
normative,34,0.6753314631208778
normative,35,0.6762303248748184
normative,36,0.676483295430243
normative,37,0.676434396006167
normative,38,0.6803955945849418
normative,39,0.6815534400045872
normative,40,0.6873792042627931
normative,41,0.6848809966772794
normative,42,0.6820843871042133
normative,43,0.6857410648524761
normative,44,0.6837693011298775
normative,45,0.6823969126701355
normative,46,0.6813425155386329
normative,47,0.686396696871519
normative,48,0.6849157133802771
normative,49,0.6815689603626728
normative,50,0.681111572265625
normative,51,0.6872498247250914
normative,52,0.6847902607053519
normative,53,0.6893274936765432
normative,54,0.693261425793171
normative,55,0.6904011058703065
normative,56,0.6875034069925546
normative,57,0.6886663479760289
normative,58,0.6843283028021455
normative,59,0.6860307738676668
normative,60,0.6887471831575036
normative,61,0.6877260734960436
normative,62,0.6863076638460159
normative,63,0.6877485691428185
normative,64,0.6898205941781401
normative,65,0.6862456460401416
normative,66,0.6844208440944552
normative,67,0.6867857271522284
normative,68,0.688073066920042
normative,69,0.6856833608716726
normative,70,0.6807988445833325
normative,71,0.6815550779238343
normative,72,0.6837558739483357
normative,73,0.6833930866256356
normative,74,0.6862466097205877
normative,75,0.6838180210143328
normative,76,0.6808367624551058
normative,77,0.6819651738986373
normative,78,0.6845549941509962
normative,79,0.6830585584536195
normative,80,0.6814009381055832
normative,81,0.6832803828924894
normative,82,0.6868462907716631
normative,83,0.6899476394414902
normative,84,0.68936349042207
normative,85,0.6883719970196486
normative,86,0.6905665600344538
normative,87,0.6898406728684903
normative,88,0.6872114843681455
normative,89,0.6888412833437324
normative,90,0.6876031390696764
normative,91,0.6879892579689622
normative,92,0.6849867516204715
normative,93,0.6848627450704574
normative,94,0.6839119887501002
normative,95,0.6861713565558195
normative,96,0.6870130783692002
normative,97,0.6816783664345741
normative,98,0.6841943772554397
normative,99,0.6888806201159954
normative,100,0.687208542433381
normative,101,0.6885597695544362
normative,102,0.6864813683241606
normative,103,0.6862835379421711
normative,104,0.681410832503438
normative,105,0.6804838609650731
normative,106,0.6834699603572488
normative,107,0.6814478955686092
normative,108,0.6854976327121258
normative,109,0.6816900636553764
normative,110,0.6788170350462198
normative,111,0.6810533350542187
normative,112,0.6801416303351522
normative,113,0.6796024412751198
normative,114,0.6823008301526308
normative,115,0.6846159206941724
normative,116,0.6840861673548818
normative,117,0.682480373968184
normative,118,0.6769032108604908
normative,119,0.6781392273664475
normative,120,0.6827493020787835
normative,121,0.6843777522802353
normative,122,0.6803762411683798
normative,123,0.6791095133200288
normative,124,0.6783710375562311
normative,125,0.6805706651091575
normative,126,0.6818138336032629
normative,127,0.6812204335659743
normative,128,0.6850287891104817
normative,129,0.6845048783704638
normative,130,0.6802264889314771
normative,131,0.6793687150776386
normative,132,0.6810669891014696
normative,133,0.683223395010829
normative,134,0.6867046513661742
normative,135,0.6890301814988256
normative,136,0.6880449733927846
normative,137,0.6872677753776312
normative,138,0.6824116534873843
normative,139,0.6801765424221754
normative,140,0.6802764081954956
normative,141,0.6809773598089814
normative,142,0.684405911937356
normative,143,0.6820822501167655
normative,144,0.6816569084793329
normative,145,0.6837646893724799
normative,146,0.6773063592016697
normative,147,0.6767201173827052
normative,148,0.6798007543310522
normative,149,0.6762498985797167
normative,150,0.6743254489660263
normative,151,0.6789041557520628
normative,152,0.6777111231699586
normative,153,0.6773167225182056
normative,154,0.6817512596547604
normative,155,0.6778105423986912
normative,156,0.6767679931387305
normative,157,0.6792404005557299
normative,158,0.6787800862029195
normative,159,0.6803641190573573
normative,160,0.6827835982352495
normative,161,0.6815908047139645
normative,162,0.6805304331228137
normative,163,0.6831612369760871
normative,164,0.6859135848969221
normative,165,0.68259912904948
normative,166,0.682268974904716
normative,167,0.6830980289995671
normative,168,0.6863748175293207
normative,169,0.6885986233323812
normative,170,0.6878855554282666
normative,171,0.688288468414545
normative,172,0.6872536446020007
normative,173,0.6870463992401957
normative,174,0.6880659378111362
normative,175,0.6872728089272976
normative,176,0.6881114958971739
normative,177,0.6880968501985073
normative,178,0.6863267005577683
normative,179,0.6874774865239859
normative,180,0.6851249333053827
normative,181,0.6876303462669253
normative,182,0.6844656518563628
normative,183,0.6867282377779483
normative,184,0.6862129259079695
normative,185,0.6871723858490586
normative,186,0.6882853685408831
normative,187,0.6850952885523438
normative,188,0.6873334828048945
normative,189,0.6883919651940466
normative,190,0.6871623005971312
normative,191,0.6907428743436933
normative,192,0.6910709044769406
normative,193,0.6916304741635919
normative,194,0.691962004481256
normative,195,0.6903749222770333
normative,196,0.693019889639318
normative,197,0.6930549400374293
normative,198,0.6925345619440079
normative,199,0.6941548938572407
normative,200,0.6922089609920978
normative,201,0.6926351508706808
normative,202,0.6933326280668378
normative,203,0.6942995277434587
normative,204,0.694908957234025
normative,205,0.6957404239028693
normative,206,0.6974947323530912
normative,207,0.6992070645540953
normative,208,0.694717517055571
normative,209,0.6954638163596392
normative,210,0.694169319692254
normative,211,0.6939390657067299
normative,212,0.6947459811359644
normative,213,0.6939248184978962
normative,214,0.6918743323758244
normative,215,0.6907020626395941
normative,216,0.6935232819139957
normative,217,0.6948568405747414
normative,218,0.6923291248098016
normative,219,0.6912593464300036
normative,220,0.6921259366363287
normative,221,0.6929962373360992
normative,222,0.6975711567655206
normative,223,0.6969445046767593
normative,224,0.6974714157089591
normative,225,0.6941127907261252
normative,226,0.6920911784142256
normative,227,0.6959583280742169
normative,228,0.6940442227140069
normative,229,0.6971496702641249
normative,230,0.6966603049099446
normative,231,0.6949489152476191
normative,232,0.6935477562785148
normative,233,0.6937856052830815
normative,234,0.6959821569144726
normative,235,0.6923467411860824
normative,236,0.6932218733370304
normative,237,0.6920291121184826
normative,238,0.6903638185024261
normative,239,0.697183770865202
normative,240,0.6973318819612264
normative,241,0.6965850115984679
normative,242,0.6989559441193939
normative,243,0.6917131872862577
normative,244,0.6943361484408379
normative,245,0.6979837740465998
normative,246,0.6982756061285734
normative,247,0.6965300064787269
normative,248,0.6956494330883026
normative,249,0.69652803478688
normative,250,0.6949466812729835
normative,251,0.6955574256494641
normative,252,0.6977339214906096
normative,253,0.697919670471549
normative,254,0.6940476652041078
normative,255,0.6928226697653532
normative,256,0.6966905490845442
normative,257,0.6956023036643862
normative,258,0.6964932321697473
normative,259,0.6970481185659766
normative,260,0.6924822828903794
normative,261,0.6956227646246552
normative,262,0.6952769991010428
normative,263,0.6967058590203523
normative,264,0.699399654199183
normative,265,0.6996778986006975
normative,266,0.6991912024542689
normative,267,0.6973291895464062
normative,268,0.6958180665269494
normative,269,0.6958885090589524
normative,270,0.6981680267751217
normative,271,0.6996146122068166
normative,272,0.6939575514033437
normative,273,0.6947548617839813
normative,274,0.6958648467466235
normative,275,0.6956178541570902
normative,276,0.6959344425946474
normative,277,0.6941107216179371
normative,278,0.6970714325770736
normative,279,0.6996742556035519
normative,280,0.6986946237087249
normative,281,0.6986027753442526
normative,282,0.6997475470945239
normative,283,0.699378203047812
normative,284,0.6964683651015162
normative,285,0.6981866727173328
normative,286,0.7004146499872208
normative,287,0.6957347419336438
normative,288,0.696669851501286
normative,289,0.7007191855534911
normative,290,0.6993223069414496
normative,291,0.7004059990942478
normative,292,0.698320121383667
normative,293,0.6989788913086057
normative,294,0.6986989538878202
normative,295,0.6988489427149296
normative,296,0.6948588132545352
normative,297,0.6952944753170014
normative,298,0.6943719187289477
normative,299,0.6918319475650787
normative,300,0.6988343485131859
normative,301,0.6971532975926995
normative,302,0.6945195756807924
normative,303,0.6925085360839963
normative,304,0.6903015931904316
normative,305,0.6913560025766492
normative,306,0.6947906674057245
normative,307,0.69386186286062
normative,308,0.6882696740984917
normative,309,0.6865985274374485
normative,310,0.6887860218167305
normative,311,0.6937416960239411
normative,312,0.6947177452087402
normative,313,0.6938555702969432
normative,314,0.6957596112638712
normative,315,0.7013509623378515
normative,316,0.701658851967752
normative,317,0.6999712134033441
normative,318,0.7021238741710782
normative,319,0.7002734652787447
normative,320,0.6967372568920255
normative,321,0.6957749428778887
normative,322,0.6957546197801828
normative,323,0.6976273238301277
normative,324,0.6966023460566998
normative,325,0.6957759471163154
normative,326,0.6971771514832974
normative,327,0.6976342151552438
normative,328,0.6989020046070218
normative,329,0.6956443696498871
normative,330,0.6919911422595382
normative,331,0.6928786371812224
normative,332,0.692960801461339
normative,333,0.6921331654578448
normative,334,0.690711588844657
normative,335,0.6935462156787515
normative,336,0.6984756650477648
normative,337,0.6959171564042568
normative,338,0.69612472756356
normative,339,0.6948212383940816
normative,340,0.6951774225428701
normative,341,0.6971462028950453
normative,342,0.6954019876852632
normative,343,0.6983820957288146
normative,344,0.6966382873103023
normative,345,0.6946139410018921
normative,346,0.6936857600480318
normative,347,0.6929361392587423
normative,348,0.6993774828791618
normative,349,0.6955411327585578
normative,350,0.6947163676679134
normative,351,0.6942893972441554
normative,352,0.697990770533681
normative,353,0.6951561270847917
normative,354,0.6932685696601868
normative,355,0.6959396504655481
normative,356,0.6957895728632808
normative,357,0.6919149339213967
normative,358,0.6893703674897551
normative,359,0.6923717273488641
normative,360,0.6913426582440734
normative,361,0.6950940295577049
normative,362,0.6925244465321302
normative,363,0.6895675919011235
normative,364,0.690854130205512
normative,365,0.6937514521941542
normative,366,0.6920925797358155
normative,367,0.6938347800523043
normative,368,0.693928694370389
normative,369,0.6925558890610933
normative,370,0.6939108709573746
normative,371,0.693021754360199
normative,372,0.6925319941490888
normative,373,0.6925199738368392
normative,374,0.6930926877960563
normative,375,0.6910687565371394
normative,376,0.691550489602983
normative,377,0.6917974564343691
normative,378,0.6875071533128619
normative,379,0.6893217458322645
normative,380,0.6927727652028203
normative,381,0.6908304289668799
normative,382,0.6889471148625016
normative,383,0.6933888064846396
normative,384,0.6941940213263035
normative,385,0.6896196576029062
normative,386,0.6886011079236865
normative,387,0.6889627593234181
normative,388,0.6891034364402294
normative,389,0.6893167089417577
normative,390,0.6872690923705697
normative,391,0.6869915628835559
normative,392,0.6882359723389149
normative,393,0.6901088336154818
normative,394,0.6904058792963624
normative,395,0.687137704128027
normative,396,0.6866090075433254
normative,397,0.6910536422520875
normative,398,0.6913165798917412
normative,399,0.6891573356926441
normative,400,0.6890444700300693
normative,401,0.6917242431029678
normative,402,0.6925099384635687
normative,403,0.691017146153748
normative,404,0.6906223778814078
normative,405,0.6902951626896858
normative,406,0.69245288887918
normative,407,0.692480235593021
normative,408,0.6933071001842618
normative,409,0.6927913750648499
normative,410,0.6898602443650365
normative,411,0.6908555589422584
normative,412,0.6913783710077405
normative,413,0.6913672614440322
normative,414,0.6899081863775849
normative,415,0.6938167208909989
normative,416,0.6933514459654689
normative,417,0.693200349715352
normative,418,0.6938185820922256
normative,419,0.6927289273515344
normative,420,0.690590304787457
normative,421,0.6891793058246374
normative,422,0.687914544275403
normative,423,0.6879683533936739
normative,424,0.6911208535686135
normative,425,0.6904078348040581
normative,426,0.6894613726705313
normative,427,0.6891812425211072
normative,428,0.6915065216854215
normative,429,0.697004503980279
normative,430,0.693975602774322
normative,431,0.6907501809164882
normative,432,0.6892821739539504
normative,433,0.6916808796554804
normative,434,0.6922716515228152
normative,435,0.6944476671248674
normative,436,0.6897064529463649
normative,437,0.6889869082123041
normative,438,0.6874792404517531
normative,439,0.6883139193817973
normative,440,0.6905166883468628
normative,441,0.6916765735536814
normative,442,0.6884652848154307
normative,443,0.6873337120652199
normative,444,0.6866264073461295
normative,445,0.6888899018988013
normative,446,0.6866178416952491
normative,447,0.687801440346241
normative,448,0.6872670961499214
normative,449,0.6876452623292804
normative,450,0.6912465051203966
normative,451,0.689257729394734
normative,452,0.6893221404582262
normative,453,0.6918502815783024
normative,454,0.6897272015556694
normative,455,0.6838629161909222
normative,456,0.6834009650111198
normative,457,0.6882572324261069
normative,458,0.6906222039982677
normative,459,0.6868854514315724
normative,460,0.6871904477849603
normative,461,0.6873630172178149
normative,462,0.6845390693128109
normative,463,0.6847260771751403
normative,464,0.6886365800857543
normative,465,0.688908567763865
normative,466,0.6826493200749159
normative,467,0.6847881460160017
normative,468,0.6888073777168989
normative,469,0.6824786194100976
normative,470,0.6856761936098337
normative,471,0.6854583987876773
normative,472,0.6820268211871385
normative,473,0.6846781276360154
normative,474,0.6904213682621717
normative,475,0.6857119236260653
normative,476,0.6844328487157821
normative,477,0.6845287486255169
normative,478,0.6863898837536574
normative,479,0.6851185734972358
normative,480,0.6818468584731221
normative,481,0.6792164197906851
normative,482,0.6823301385074854
normative,483,0.6813519424721599
normative,484,0.6809982549160719
normative,485,0.6817671127051115
normative,486,0.6828059626609086
normative,487,0.6853200116813183
normative,488,0.6824754728481174
normative,489,0.6811908918380737
normative,490,0.6827082449540496
normative,491,0.6839505406066775
normative,492,0.682915175910294
normative,493,0.6867880957707763
normative,494,0.6874263125434518
normative,495,0.6885314258918166
normative,496,0.6896486478060484
normative,497,0.6901614750444889
normative,498,0.6931383146598935
normative,499,0.692134076103568
anxious,0,0.0
anxious,1,0.6519525664210319
anxious,2,0.6176998417839408
anxious,3,0.631694790135324
anxious,4,0.6291386582255364
anxious,5,0.6229236688509584
anxious,6,0.6112322831898928
anxious,7,0.6208566957384348
anxious,8,0.617428931248188
anxious,9,0.6204960880294442
anxious,10,0.6187542060241104
anxious,11,0.616951552952826
anxious,12,0.6200809321418405
anxious,13,0.625153567135334
anxious,14,0.621786025737226
anxious,15,0.6132708702862263
anxious,16,0.6100860723093152
anxious,17,0.6168596869185566
anxious,18,0.6149153651207685
anxious,19,0.6144234917491674
anxious,20,0.6138595667168498
anxious,21,0.6173723677277565
anxious,22,0.6147618101984262
anxious,23,0.6177593843743205
anxious,24,0.6196665343672038
anxious,25,0.6197265784770251
anxious,26,0.6224424400150775
anxious,27,0.6154675512939691
anxious,28,0.6210438768640161
anxious,29,0.6163998694568873
anxious,30,0.6099180785626173
anxious,31,0.6089385186418891
anxious,32,0.6094670139357448
anxious,33,0.6097992976695299
anxious,34,0.6134059677124023
anxious,35,0.6131909800589085
anxious,36,0.6084163565352559
anxious,37,0.6108531684979797
anxious,38,0.6098266867816449
anxious,39,0.6106904404640198
anxious,40,0.6089655225291848
anxious,41,0.6160660474017262
anxious,42,0.6129047873541713
anxious,43,0.5987737165942788
anxious,44,0.5983940747857094
anxious,45,0.6040478981345891
anxious,46,0.6047177229017019
anxious,47,0.6113878518432379
anxious,48,0.6097528112053872
anxious,49,0.6085145779252052
anxious,50,0.6028356144115329
anxious,51,0.6120438791975379
anxious,52,0.6105783048957586
anxious,53,0.5996021562740207
anxious,54,0.6115005611866713
anxious,55,0.605855600310862
anxious,56,0.598792953003943
anxious,57,0.599538627319038
anxious,58,0.6075441644608974
anxious,59,0.6038709787622094
anxious,60,0.6012467473119497
anxious,61,0.6078793453425169
anxious,62,0.6043300496593118
anxious,63,0.6084758534356952
anxious,64,0.613703075055778
anxious,65,0.6114139199316502
anxious,66,0.6117116856306791
anxious,67,0.6015610154524446
anxious,68,0.6046293855443596
anxious,69,0.6046780646249652
anxious,70,0.6028724936708808
anxious,71,0.6052620607569814
anxious,72,0.6020226451858878
anxious,73,0.6043760003998876
anxious,74,0.6064737337708473
anxious,75,0.6027247095793485
anxious,76,0.602618199416995
anxious,77,0.6071911864623427
anxious,78,0.6057539058387279
anxious,79,0.6070096605852247
anxious,80,0.6114785005196929
anxious,81,0.6098456679776311
anxious,82,0.6128867823451758
anxious,83,0.6105350186318159
anxious,84,0.61004298941046
anxious,85,0.6138146577820182
anxious,86,0.6145800751835108
anxious,87,0.6044348092764616
anxious,88,0.6053914488211274
anxious,89,0.6153826981827617
anxious,90,0.6149485306203365
anxious,91,0.6114317915201187
anxious,92,0.6133876593708992
anxious,93,0.6110231396138668
anxious,94,0.6042424215406179
anxious,95,0.6045631811201573
anxious,96,0.6047613592371345
anxious,97,0.6122561852425337
anxious,98,0.6108799333646894
anxious,99,0.6129550169795751
anxious,100,0.6060841735243797
anxious,101,0.6030175890028476
anxious,102,0.6016891902729868
anxious,103,0.5984949283197523
anxious,104,0.600564381967485
anxious,105,0.5970245475336909
anxious,106,0.6000624778851866
anxious,107,0.5991153178036213
anxious,108,0.59968746984452
anxious,109,0.6010539585351944
anxious,110,0.602116806294024
anxious,111,0.5954490057557821
anxious,112,0.5972048635095358
anxious,113,0.6056057220101356
anxious,114,0.6051528128936887
anxious,115,0.6035963355243206
anxious,116,0.6043195851653814
anxious,117,0.5935649004489183
anxious,118,0.5945343491703272
anxious,119,0.6019808058351278
anxious,120,0.6044569992735982
anxious,121,0.5988687864407897
anxious,122,0.6015236277058721
anxious,123,0.6038130087167025
anxious,124,0.5997622068613767
anxious,125,0.6088015046536922
anxious,126,0.6104821157231927
anxious,127,0.6014920911893249
anxious,128,0.6008515355914831
anxious,129,0.6075280270949006
anxious,130,0.6034590375572443
anxious,131,0.6069473214030265
anxious,132,0.609925431060791
anxious,133,0.6003019594088197
anxious,134,0.6039422327712178
anxious,135,0.6019574231296778
anxious,136,0.5999118213027715
anxious,137,0.5995975024625659
anxious,138,0.6015974028646945
anxious,139,0.6056615222156048
anxious,140,0.6124504626870155
anxious,141,0.6008958472058177
anxious,142,0.6011252566814422
anxious,143,0.6001598846182227
anxious,144,0.5955806808128953
anxious,145,0.5997266883224249
anxious,146,0.6033059300929308
anxious,147,0.603435866625607
anxious,148,0.6060758570656181
anxious,149,0.6065249007195235
anxious,150,0.599509813515842
anxious,151,0.593572302493453
anxious,152,0.5948511204093695
anxious,153,0.6026196376487613
anxious,154,0.6077165217801929
anxious,155,0.6159111626029015
anxious,156,0.6175944825991988
anxious,157,0.617862943468988
anxious,158,0.6167376078739762
anxious,159,0.612616642279923
anxious,160,0.6123287338539958
anxious,161,0.611248506064713
anxious,162,0.6108394021585584
anxious,163,0.6165382649421692
anxious,164,0.614274907130003
anxious,165,0.6085418496727943
anxious,166,0.6057846991658211
anxious,167,0.5998942182436585
anxious,168,0.6055526885375381
anxious,169,0.6109036853432656
anxious,170,0.605317725123465
anxious,171,0.6087868874430656
anxious,172,0.6068810382068157
anxious,173,0.6029908724173904
anxious,174,0.6086199763670563
anxious,175,0.6128895944803954
anxious,176,0.6128514625683427
anxious,177,0.6034816590026021
anxious,178,0.6083902387455106
anxious,179,0.6100272483035922
anxious,180,0.6075441260337829
anxious,181,0.6064117419019341
anxious,182,0.6042575134396553
anxious,183,0.6064024111837149
anxious,184,0.6026796555787325
anxious,185,0.6039044295459985
anxious,186,0.6021427322715521
anxious,187,0.6086046656623483
anxious,188,0.6053230340778828
anxious,189,0.5997056468248367
anxious,190,0.6068480836629867
anxious,191,0.6095311446875333
anxious,192,0.6041426611021161
anxious,193,0.6058946818321943
anxious,194,0.6067081281810999
anxious,195,0.6060538266852498
anxious,196,0.6032932321250438
anxious,197,0.6030847558289766
anxious,198,0.6097701092123985
anxious,199,0.602264733453095
anxious,200,0.6006654631838203
anxious,201,0.601394912995398
anxious,202,0.6009873723268508
anxious,203,0.60317634190619
anxious,204,0.6079950943261385
anxious,205,0.6056000707641244
anxious,206,0.5995346943631769
anxious,207,0.5975031839102507
anxious,208,0.6037052285939455
anxious,209,0.6046802377015352
anxious,210,0.6035449578568339
anxious,211,0.6042010347783565
anxious,212,0.6040399846494198
anxious,213,0.6020735740274191
anxious,214,0.5979101491466164
anxious,215,0.6026788359224796
anxious,216,0.6080815745905042
anxious,217,0.6026499415203929
anxious,218,0.6023523519545794
anxious,219,0.606344867387414
anxious,220,0.6077366319149733
anxious,221,0.6063723887100816
anxious,222,0.604246132324636
anxious,223,0.6009584212824702
anxious,224,0.6014029417902231
anxious,225,0.6128693503960967
anxious,226,0.6022493873044849
anxious,227,0.6045904378831387
anxious,228,0.6063752180188894
anxious,229,0.5964371071785688
anxious,230,0.6007003144621849
anxious,231,0.6046850169986486
anxious,232,0.6075962178602815
anxious,233,0.6071606346413493
anxious,234,0.6064426276326179
anxious,235,0.6001044174015522
anxious,236,0.6033140800341964
anxious,237,0.610778926628828
anxious,238,0.610119240437448
anxious,239,0.6001711957842112
anxious,240,0.598827907307446
anxious,241,0.5998875399947167
anxious,242,0.6010724771410226
anxious,243,0.5994071494281292
anxious,244,0.5992666196301579
anxious,245,0.6039964193463325
anxious,246,0.6026784273967147
anxious,247,0.6050353090971708
anxious,248,0.6030485704451799
anxious,249,0.6084296007692814
anxious,250,0.612224285082519
anxious,251,0.606143133199215
anxious,252,0.6064579266279936
anxious,253,0.6066591187089682
anxious,254,0.6037347143307328
anxious,255,0.6005898592606187
anxious,256,0.6016771561786532
anxious,257,0.6030979180186987
anxious,258,0.6033002636134625
anxious,259,0.6092813527971506
anxious,260,0.6087377524286508
anxious,261,0.5997311998575926
anxious,262,0.5990375685632229
anxious,263,0.6027848072737455
anxious,264,0.6040057372152805
anxious,265,0.6088477119773626
anxious,266,0.6019877015531063
anxious,267,0.5969349387198687
anxious,268,0.6004607355847955
anxious,269,0.6043454777121544
anxious,270,0.6055261562794447
anxious,271,0.5979152531534433
anxious,272,0.6019141323566437
anxious,273,0.5978574146538973
anxious,274,0.6025985190778971
anxious,275,0.6050824354350567
anxious,276,0.605225048841536
anxious,277,0.6040596628978848
anxious,278,0.6016539806097746
anxious,279,0.6020045354440808
anxious,280,0.605301520383358
anxious,281,0.6026482061564923
anxious,282,0.6024301815256476
anxious,283,0.603875072029233
anxious,284,0.6116725651547312
anxious,285,0.6087540789037943
anxious,286,0.6039738364249467
anxious,287,0.6075738557115197
anxious,288,0.6067139832153916
anxious,289,0.6073101631447673
anxious,290,0.6044153157308698
anxious,291,0.6032820246502757
anxious,292,0.6097909054636955
anxious,293,0.6096056923940778
anxious,294,0.6079284832850098
anxious,295,0.6076692566916346
anxious,296,0.6053429149746895
anxious,297,0.6022811157509684
anxious,298,0.6001481917649507
anxious,299,0.6047878709405661
anxious,300,0.6053304930999875
anxious,301,0.6004325560227036
anxious,302,0.5981301045149565
anxious,303,0.6024882882893086
anxious,304,0.6122093998163939
anxious,305,0.6087577369511128
anxious,306,0.6101025224536657
anxious,307,0.6019986660823226
anxious,308,0.6040381396815181
anxious,309,0.6080072079926729
anxious,310,0.606135031375289
anxious,311,0.6012831338331104
anxious,312,0.6011088761001825
anxious,313,0.6050579230248928
anxious,314,0.6001183056086302
anxious,315,0.6023559113517404
anxious,316,0.6022115967229009
anxious,317,0.6049448715046049
anxious,318,0.604145200099051
anxious,319,0.6004273544698954
anxious,320,0.6066461670652031
anxious,321,0.6032631303980946
anxious,322,0.6005070897743106
anxious,323,0.6075116139799357
anxious,324,0.6109777659267187
anxious,325,0.6147433502808213
anxious,326,0.6149777207925916
anxious,327,0.6116515776664019
anxious,328,0.607744844134152
anxious,329,0.605998494848609
anxious,330,0.6058477200567722
anxious,331,0.6066468396857381
anxious,332,0.6083583669155836
anxious,333,0.6038804586678743
anxious,334,0.6022405468806624
anxious,335,0.6127226051971316
anxious,336,0.6132447483196855
anxious,337,0.6037363386422395
anxious,338,0.6053416659206152
anxious,339,0.6089406090065836
anxious,340,0.6110147160202265
anxious,341,0.603877875444293
anxious,342,0.606196606951952
anxious,343,0.6077484312474728
anxious,344,0.6015520415484905
anxious,345,0.6026705954387784
anxious,346,0.6076505238950253
anxious,347,0.6093386808127165
anxious,348,0.6076073354765773
anxious,349,0.6033219485968352
anxious,350,0.6016201488867402
anxious,351,0.5987620919510722
anxious,352,0.606548533114791
anxious,353,0.6042130820721388
anxious,354,0.6031774293676019
anxious,355,0.6030884177699685
anxious,356,0.6068376431718469
anxious,357,0.6016465697392821
anxious,358,0.6029210033267737
anxious,359,0.6001924795866013
anxious,360,0.59915150680691
anxious,361,0.6045204204261303
anxious,362,0.6101622132152319
anxious,363,0.6023792723149061
anxious,364,0.6069783305406571
anxious,365,0.6015707244977355
anxious,366,0.6004995091378689
anxious,367,0.6059881632596255
anxious,368,0.6005829654365777
anxious,369,0.5978832869738341
anxious,370,0.5951886881738901
anxious,371,0.5969844112366438
anxious,372,0.6010655928611756
anxious,373,0.6028985670566559
anxious,374,0.5984860537260771
anxious,375,0.6032082461863756
anxious,376,0.6059374322131276
anxious,377,0.6067226329818368
anxious,378,0.6091652912408113
anxious,379,0.6035541275143623
anxious,380,0.6014226108655334
anxious,381,0.6019877548843622
anxious,382,0.6003522232338786
anxious,383,0.6051822171017528
anxious,384,0.6110214542388916
anxious,385,0.6082724261522293
anxious,386,0.6012253368511796
anxious,387,0.604054689617455
anxious,388,0.6028268814623355
anxious,389,0.6078456176936626
anxious,390,0.6077769224286079
anxious,391,0.6051718086779118
anxious,392,0.6023054571673274
anxious,393,0.6106156012251973
anxious,394,0.6065689443618059
anxious,395,0.5994973271131515
anxious,396,0.6012784756213426
anxious,397,0.5995958151012659
anxious,398,0.602477599593997
anxious,399,0.6090233904525638
anxious,400,0.6119902743905783
anxious,401,0.6030177164435386
anxious,402,0.5999953182458878
anxious,403,0.6008452187299729
anxious,404,0.6042898379057646
anxious,405,0.6080163197457791
anxious,406,0.6112477820962667
anxious,407,0.6085232132524252
anxious,408,0.6058003259912134
anxious,409,0.6062603842779994
anxious,410,0.6061612363994121
anxious,411,0.6079171441465616
anxious,412,0.6066727187812329
anxious,413,0.6099015938594937
anxious,414,0.61275188523978
anxious,415,0.6141718569278717
anxious,416,0.617555805298686
anxious,417,0.6100618852481245
anxious,418,0.6039818803951145
anxious,419,0.6046783303141594
anxious,420,0.6004719138115644
anxious,421,0.6056735813215375
anxious,422,0.6044187242627144
anxious,423,0.6018889371201396
anxious,424,0.6050079012081027
anxious,425,0.6102550637871027
anxious,426,0.6084144059762359
anxious,427,0.6040348350554705
anxious,428,0.6105973834499717
anxious,429,0.614808345772326
anxious,430,0.6124717661961913
anxious,431,0.6102337401404977
anxious,432,0.6079692734241485
anxious,433,0.6002892724886537
anxious,434,0.6057697357431054
anxious,435,0.6079424452096224
anxious,436,0.6041653376504779
anxious,437,0.6073301291882992
anxious,438,0.6074790803670883
anxious,439,0.6018470504507423
anxious,440,0.604445354193449
anxious,441,0.6080902875602245
anxious,442,0.6063214583411812
anxious,443,0.6053989219427108
anxious,444,0.6072733499169349
anxious,445,0.6046444152027368
anxious,446,0.6094045602142811
anxious,447,0.6039545768424869
anxious,448,0.5978114054366946
anxious,449,0.5997331912949682
anxious,450,0.6016879657864571
anxious,451,0.6041796776652336
anxious,452,0.6034632177963853
anxious,453,0.6022559351861477
anxious,454,0.6035546389639378
anxious,455,0.6015729631051421
anxious,456,0.6011394539192318
anxious,457,0.6008899667024612
anxious,458,0.6067894813328981
anxious,459,0.6061412055909634
anxious,460,0.6041493776857852
anxious,461,0.602817032019794
anxious,462,0.6066029476687312
anxious,463,0.6024041270941496
anxious,464,0.6010190152481198
anxious,465,0.6018769576460123
anxious,466,0.600580371516943
anxious,467,0.6026893988981843
anxious,468,0.6009263451725244
anxious,469,0.603998923650384
anxious,470,0.5968816512480378
anxious,471,0.6013040271356702
anxious,472,0.6072251334920525
anxious,473,0.6043236032411456
anxious,474,0.6051310392394662
anxious,475,0.6036895732268691
anxious,476,0.6023141132071614
anxious,477,0.6111641584783792
anxious,478,0.6055954806953668
anxious,479,0.6040924655735492
anxious,480,0.6036821280494332
anxious,481,0.6053104285210371
anxious,482,0.6045156308680772
anxious,483,0.5963024234399199
anxious,484,0.598857692605257
anxious,485,0.6098243625193834
anxious,486,0.6112634768888354
anxious,487,0.605055895756185
anxious,488,0.6024543902605772
anxious,489,0.6016360419392586
anxious,490,0.6034502959683538
anxious,491,0.6014275396943093
anxious,492,0.6029979755297303
anxious,493,0.6045715964615345
anxious,494,0.6103474378883839
anxious,495,0.6084612181454897
anxious,496,0.6037231250837445
anxious,497,0.6053024425894022
anxious,498,0.6077795807600022
anxious,499,0.6089971034199
ruminative,0,0.0
ruminative,1,0.6781025963559747
ruminative,2,0.6873952166616917
ruminative,3,0.7124128684818745
ruminative,4,0.7093127768844366
ruminative,5,0.7145869460269809
ruminative,6,0.7092854488804936
ruminative,7,0.7123700387403369
ruminative,8,0.7127236887425185
ruminative,9,0.7104389831528067
ruminative,10,0.7087865830793977
ruminative,11,0.708416653752327
ruminative,12,0.7079433733642101
ruminative,13,0.7038819040745496
ruminative,14,0.7028120355814695
ruminative,15,0.7017408786833287
ruminative,16,0.7010388515636324
ruminative,17,0.699560110874474
ruminative,18,0.6991135352745652
ruminative,19,0.7005192695572973
ruminative,20,0.7012815615385771
ruminative,21,0.6994255620583892
ruminative,22,0.6978844260782003
ruminative,23,0.6981170418873429
ruminative,24,0.7000036839216948
ruminative,25,0.7001361925154924
ruminative,26,0.695684436661005
ruminative,27,0.6956339975714684
ruminative,28,0.6941732648640871
ruminative,29,0.6920709274202586
ruminative,30,0.6917600595712662
ruminative,31,0.692983972376585
ruminative,32,0.6938238640829921
ruminative,33,0.6953133900120855
ruminative,34,0.6912201495468616
ruminative,35,0.6901370848968625
ruminative,36,0.6918707791090012
ruminative,37,0.6934005580842495
ruminative,38,0.6905527980566025
ruminative,39,0.6869684822648764
ruminative,40,0.6889259220153093
ruminative,41,0.6893571819961071
ruminative,42,0.6883187021151185
ruminative,43,0.6863813763007521
ruminative,44,0.6856852592468262
ruminative,45,0.6867215799093247
ruminative,46,0.6850203348249198
ruminative,47,0.6853637195810676
ruminative,48,0.6841504207774997
ruminative,49,0.6850849155932665
ruminative,50,0.6880925395548344
ruminative,51,0.6874333799391985
ruminative,52,0.6885033562630415
ruminative,53,0.6869848980337382
ruminative,54,0.6874096993803978
ruminative,55,0.6873347249388695
ruminative,56,0.6845519936665893
ruminative,57,0.6859033903673292
ruminative,58,0.6865274236619473
ruminative,59,0.6852717179477215
ruminative,60,0.6857820458844304
ruminative,61,0.6863630031123757
ruminative,62,0.6874514615729451
ruminative,63,0.6903815804734826
ruminative,64,0.690705441184342
ruminative,65,0.6875188558384776
ruminative,66,0.6900411174699664
ruminative,67,0.6903057028830052
ruminative,68,0.6865608768582344
ruminative,69,0.6862528082460165
ruminative,70,0.6893544458717108
ruminative,71,0.6913564677894115
ruminative,72,0.6893235243991017
ruminative,73,0.6896837142810226
ruminative,74,0.6880918855294585
ruminative,75,0.6883280807346106
ruminative,76,0.6890372769922019
ruminative,77,0.6885678624495863
ruminative,78,0.6889876897379756
ruminative,79,0.6863430158451199
ruminative,80,0.6827675316378474
ruminative,81,0.6887147638440132
ruminative,82,0.6864329465657473
ruminative,83,0.6833943122804165
ruminative,84,0.6837617627471685
ruminative,85,0.6845864740639925
ruminative,86,0.6829027093410492
ruminative,87,0.6813768723115325
ruminative,88,0.6843965569987893
ruminative,89,0.6855323336020112
ruminative,90,0.6862551092699171
ruminative,91,0.6836795546293258
ruminative,92,0.6804516672819853
ruminative,93,0.6797605204343796
ruminative,94,0.6788039166599512
ruminative,95,0.6808636016309262
ruminative,96,0.6807518646866083
ruminative,97,0.6811019609898329
ruminative,98,0.6803564336121082
ruminative,99,0.6776710233494639
ruminative,100,0.6823860292509198
ruminative,101,0.6830525186017156
ruminative,102,0.6801692256778479
ruminative,103,0.6804788800269366
ruminative,104,0.6825009094431996
ruminative,105,0.6799202380761504
ruminative,106,0.6773757624149322
ruminative,107,0.6789619114249945
ruminative,108,0.6782563154533505
ruminative,109,0.6785305812016129
ruminative,110,0.6794395287573337
ruminative,111,0.6798745497271419
ruminative,112,0.6786703199967742
ruminative,113,0.67818098744452
ruminative,114,0.6779031902968884
ruminative,115,0.67997315659374
ruminative,116,0.6781382314428687
ruminative,117,0.6785829960435629
ruminative,118,0.6770428222984075
ruminative,119,0.6748683415099979
ruminative,120,0.6758443550258875
ruminative,121,0.6769814981043338
ruminative,122,0.6772354259207845
ruminative,123,0.6765824786022305
ruminative,124,0.6808133557036519
ruminative,125,0.6798757011964918
ruminative,126,0.6739489259287715
ruminative,127,0.6760079239860177
ruminative,128,0.6744257441729307
ruminative,129,0.6737223860293626
ruminative,130,0.6738745497867465
ruminative,131,0.67213906339854
ruminative,132,0.6714449443086982
ruminative,133,0.6734060209140181
ruminative,134,0.6721414020299912
ruminative,135,0.6708667501091957
ruminative,136,0.6698791851297021
ruminative,137,0.6688576164230704
ruminative,138,0.673233353959024
ruminative,139,0.674317953710258
ruminative,140,0.6732321593120694
ruminative,141,0.6746004360362887
ruminative,142,0.6712705843582749
ruminative,143,0.6715710013598204
ruminative,144,0.6728276277035474
ruminative,145,0.671078676238656
ruminative,146,0.6726718107044697
ruminative,147,0.6727539752140641
ruminative,148,0.6721319611847401
ruminative,149,0.6706293900638819
ruminative,150,0.67107982301265
ruminative,151,0.6739608472004532
ruminative,152,0.670087509508431
ruminative,153,0.6662228354409337
ruminative,154,0.6675568515107035
ruminative,155,0.6714708678707481
ruminative,156,0.6710215556129813
ruminative,157,0.669841833858192
ruminative,158,0.6704877420797944
ruminative,159,0.6691865374982358
ruminative,160,0.6688841525495053
ruminative,161,0.6698887399494649
ruminative,162,0.6678294118613005
ruminative,163,0.6669270328506828
ruminative,164,0.6678458189353347
ruminative,165,0.6677278947040438
ruminative,166,0.6686531087890267
ruminative,167,0.6655757930576801
ruminative,168,0.6643280948370696
ruminative,169,0.6678831955373287
ruminative,170,0.6694120544850827
ruminative,171,0.6687914758220315
ruminative,172,0.6679815084025263
ruminative,173,0.6678215634018183
ruminative,174,0.6680863615185022
ruminative,175,0.6664124968484044
ruminative,176,0.6678720561310649
ruminative,177,0.6715804327040911
ruminative,178,0.6711529974669218
ruminative,179,0.6701262922078371
ruminative,180,0.6695113360285759
ruminative,181,0.6691853398740292
ruminative,182,0.6656456816568971
ruminative,183,0.665943634454906
ruminative,184,0.6696115999281407
ruminative,185,0.6704751280516386
ruminative,186,0.6652808304220438
ruminative,187,0.6650875911265611
ruminative,188,0.6678568982452154
ruminative,189,0.6696422387838363
ruminative,190,0.6673486922353506
ruminative,191,0.6646959708362817
ruminative,192,0.6644764302954078
ruminative,193,0.6634207237884402
ruminative,194,0.6636055399045349
ruminative,195,0.659410783430934
ruminative,196,0.6597290231838823
ruminative,197,0.6633740072831511
ruminative,198,0.6649522790655493
ruminative,199,0.6642977734789253
ruminative,200,0.6626316927358508
ruminative,201,0.660904551436007
ruminative,202,0.66085128890872
ruminative,203,0.6601083331316709
ruminative,204,0.6601613640055061
ruminative,205,0.6622869542643428
ruminative,206,0.6625600990727544
ruminative,207,0.6610529685929417
ruminative,208,0.6571892175748945
ruminative,209,0.6614440973684191
ruminative,210,0.6638558374598622
ruminative,211,0.6639636789456009
ruminative,212,0.6646848963782191
ruminative,213,0.6628495699241758
ruminative,214,0.6634468784108758
ruminative,215,0.663528485956788
ruminative,216,0.660807651796937
ruminative,217,0.6623151488184928
ruminative,218,0.6646524306476116
ruminative,219,0.6638882118672133
ruminative,220,0.6648392389327288
ruminative,221,0.6642518229648471
ruminative,222,0.6632263945564628
ruminative,223,0.6653850681737066
ruminative,224,0.661644440753758
ruminative,225,0.6599489154860377
ruminative,226,0.661823111063242
ruminative,227,0.6628404826745391
ruminative,228,0.6615106395408511
ruminative,229,0.6617617899358272
ruminative,230,0.6625315783455968
ruminative,231,0.6636529336482286
ruminative,232,0.6644142370909453
ruminative,233,0.6641578003183007
ruminative,234,0.6644079874679446
ruminative,235,0.6608691637262702
ruminative,236,0.6613679570227862
ruminative,237,0.6637984672039747
ruminative,238,0.6650618690624833
ruminative,239,0.662470594803989
ruminative,240,0.6603987147644163
ruminative,241,0.6616474590316415
ruminative,242,0.6631211982265115
ruminative,243,0.6641025600567461
ruminative,244,0.6627201339259744
ruminative,245,0.6634923668250442
ruminative,246,0.6646966115519405
ruminative,247,0.6635940901368856
ruminative,248,0.6645762637272478
ruminative,249,0.6633864870920777
ruminative,250,0.6621270025625825
ruminative,251,0.6617608299314975
ruminative,252,0.6602530592441559
ruminative,253,0.6604896979287267
ruminative,254,0.6622909367233515
ruminative,255,0.660963974416256
ruminative,256,0.6591546196192503
ruminative,257,0.6598569765388965
ruminative,258,0.659633430185914
ruminative,259,0.6562287148326635
ruminative,260,0.6562910679161549
ruminative,261,0.6575327100589872
ruminative,262,0.656070873194933
ruminative,263,0.6568731128975749
ruminative,264,0.6606919756293297
ruminative,265,0.6620651783317327
ruminative,266,0.6595203201204538
ruminative,267,0.6588136860147119
ruminative,268,0.6578132101535797
ruminative,269,0.6588113894000649
ruminative,270,0.6600084913939238
ruminative,271,0.656549878822267
ruminative,272,0.6560032351478934
ruminative,273,0.6573280970335007
ruminative,274,0.6555614389121532
ruminative,275,0.6564178695321083
ruminative,276,0.6582409815102815
ruminative,277,0.6572269778132439
ruminative,278,0.6592652625218034
ruminative,279,0.6606821531683207
ruminative,280,0.6580631199896335
ruminative,281,0.6583532487481832
ruminative,282,0.6592394134223462
ruminative,283,0.6577627062082291
ruminative,284,0.6575305330902338
ruminative,285,0.6603731959968805
ruminative,286,0.6618410061389208
ruminative,287,0.6609742627441884
ruminative,288,0.6611930557489395
ruminative,289,0.661722738814354
ruminative,290,0.6591978919267655
ruminative,291,0.6574455854147673
ruminative,292,0.6591523812219501
ruminative,293,0.6593446009919047
ruminative,294,0.6612398238778114
ruminative,295,0.6628873984575272
ruminative,296,0.661040242858231
ruminative,297,0.6624491168931127
ruminative,298,0.6648817386627197
ruminative,299,0.6632720320552588
ruminative,300,0.6659047474071383
ruminative,301,0.6667565493509173
ruminative,302,0.6625279576525092
ruminative,303,0.6614949880301952
ruminative,304,0.6608665455847978
ruminative,305,0.6626978776261211
ruminative,306,0.6619370698675513
ruminative,307,0.6612830725833774
ruminative,308,0.6627694099470973
ruminative,309,0.6616309287175536
ruminative,310,0.6626646060630679
ruminative,311,0.6614429075285793
ruminative,312,0.6629225623682141
ruminative,313,0.6631743689835071
ruminative,314,0.6599011849537492
ruminative,315,0.6609844955265523
ruminative,316,0.6602233372747898
ruminative,317,0.6596416625499726
ruminative,318,0.6570600842729211
ruminative,319,0.6565632231399416
ruminative,320,0.656801750023663
ruminative,321,0.6538090834543109
ruminative,322,0.657655107921362
ruminative,323,0.6580072057306766
ruminative,324,0.6588674894720316
ruminative,325,0.6576303483977913
ruminative,326,0.6550973446249961
ruminative,327,0.6558194879695773
ruminative,328,0.6559438283830881
ruminative,329,0.6596706888720393
ruminative,330,0.6595180826321244
ruminative,331,0.657134303329885
ruminative,332,0.6554236756905913
ruminative,333,0.6565328811377287
ruminative,334,0.6562984031945467
ruminative,335,0.6565833951383829
ruminative,336,0.6568606673225761
ruminative,337,0.6574750523075461
ruminative,338,0.6567620937407017
ruminative,339,0.6573059645622968
ruminative,340,0.6558134091690183
ruminative,341,0.6576168852701784
ruminative,342,0.6608330686122179
ruminative,343,0.6596755569666624
ruminative,344,0.6597983378797769
ruminative,345,0.6591911921530962
ruminative,346,0.6601282621249557
ruminative,347,0.6604485561877489
ruminative,348,0.6577966561451555
ruminative,349,0.6558323262885213
ruminative,350,0.6564824444547296
ruminative,351,0.6599171093717218
ruminative,352,0.6595464701578021
ruminative,353,0.6559992399588227
ruminative,354,0.6542179088264704
ruminative,355,0.656050889800489
ruminative,356,0.6569045059636235
ruminative,357,0.6583626830652356
ruminative,358,0.6574927266687155
ruminative,359,0.6565462280139327
ruminative,360,0.6568571832224727
ruminative,361,0.656796232368052
ruminative,362,0.6589564164087176
ruminative,363,0.6618375206664204
ruminative,364,0.6601372684627771
ruminative,365,0.6597227434813976
ruminative,366,0.659336842764914
ruminative,367,0.6575625565484167
ruminative,368,0.6577808758214116
ruminative,369,0.6598122114270926
ruminative,370,0.6585573423832655
ruminative,371,0.6568729620158672
ruminative,372,0.6594147419199348
ruminative,373,0.6592213789984583
ruminative,374,0.6581691802293063
ruminative,375,0.6604222830072045
ruminative,376,0.6580923496052623
ruminative,377,0.6605290237441659
ruminative,378,0.6600856974139809
ruminative,379,0.658487703743577
ruminative,380,0.6588718747228384
ruminative,381,0.6566846991062164
ruminative,382,0.658735339795053
ruminative,383,0.6600881278797984
ruminative,384,0.6602016586229205
ruminative,385,0.6595735876441002
ruminative,386,0.6561061921656132
ruminative,387,0.6571439799636603
ruminative,388,0.6590446750849486
ruminative,389,0.6562138085559011
ruminative,390,0.6532196790993213
ruminative,391,0.6565205120190978
ruminative,392,0.6580071827426552
ruminative,393,0.6596664855778217
ruminative,394,0.6602153878763318
ruminative,395,0.6565479363292456
ruminative,396,0.6561808819875121
ruminative,397,0.6579221801862121
ruminative,398,0.6593351119324565
ruminative,399,0.6557361350685358
ruminative,400,0.6550872486263514
ruminative,401,0.6577001233786345
ruminative,402,0.6557474253550172
ruminative,403,0.6548626005366445
ruminative,404,0.6546776292547584
ruminative,405,0.6569044668734073
ruminative,406,0.6562513527736068
ruminative,407,0.6555633546248079
ruminative,408,0.6552732111528515
ruminative,409,0.6540690517559647
ruminative,410,0.6539399122551084
ruminative,411,0.6549612737789751
ruminative,412,0.6545654696002603
ruminative,413,0.6559630038619041
ruminative,414,0.6563309487059712
ruminative,415,0.6559642253279686
ruminative,416,0.6546630700185895
ruminative,417,0.6526386085137725
ruminative,418,0.6539490493431688
ruminative,419,0.6547271183088422
ruminative,420,0.6550022097244859
ruminative,421,0.6566284633845091
ruminative,422,0.6549269942626357
ruminative,423,0.6552168196797371
ruminative,424,0.6568816583707928
ruminative,425,0.6571306597039104
ruminative,426,0.6570455207407474
ruminative,427,0.6571336121380329
ruminative,428,0.6554566503643989
ruminative,429,0.6571094246149063
ruminative,430,0.6577423328027129
ruminative,431,0.6565367309644818
ruminative,432,0.6552313259169459
ruminative,433,0.655511884753406
ruminative,434,0.6557897881999611
ruminative,435,0.6558084187418223
ruminative,436,0.6584288450866937
ruminative,437,0.6541922435864806
ruminative,438,0.6536388292267918
ruminative,439,0.654782515360415
ruminative,440,0.657526004575193
ruminative,441,0.6569546583399176
ruminative,442,0.6552005194053054
ruminative,443,0.6573823630079627
ruminative,444,0.6538563806846738
ruminative,445,0.6504285694822669
ruminative,446,0.6556503971323371
ruminative,447,0.6541246570244431
ruminative,448,0.6511641195088625
ruminative,449,0.6545790644422174
ruminative,450,0.6539781811207533
ruminative,451,0.6526505154296756
ruminative,452,0.6529423156648875
ruminative,453,0.6496389917165041
ruminative,454,0.6508315479457378
ruminative,455,0.655408715455234
ruminative,456,0.6559309412360191
ruminative,457,0.6560542062088848
ruminative,458,0.6549828424349428
ruminative,459,0.655385899373889
ruminative,460,0.6536257162421941
ruminative,461,0.6554320943266153
ruminative,462,0.6570567364901304
ruminative,463,0.6560373837068677
ruminative,464,0.657747208879888
ruminative,465,0.6586181837394833
ruminative,466,0.6547425788626074
ruminative,467,0.6546254967942834
ruminative,468,0.654584556338191
ruminative,469,0.6548724259138108
ruminative,470,0.6542549500629306
ruminative,471,0.6547724134847521
ruminative,472,0.655915244345367
ruminative,473,0.6576812427327037
ruminative,474,0.6586446628645063
ruminative,475,0.6543054325029254
ruminative,476,0.6562388694807887
ruminative,477,0.6572893098771572
ruminative,478,0.6543351943433284
ruminative,479,0.6529303442850709
ruminative,480,0.6573439197450877
ruminative,481,0.6581331715852022
ruminative,482,0.6555701668173075
ruminative,483,0.6556748939663172
ruminative,484,0.6544428448200226
ruminative,485,0.6544698875188828
ruminative,486,0.6548413621649146
ruminative,487,0.6578719197824597
ruminative,488,0.6575982646048069
ruminative,489,0.6576697811961174
ruminative,490,0.6587831771135331
ruminative,491,0.6568569647580386
ruminative,492,0.6518549661785364
ruminative,493,0.652452753008902
ruminative,494,0.6556361399933696
ruminative,495,0.6558154183745384
ruminative,496,0.6542134211480618
ruminative,497,0.654720367488265
ruminative,498,0.6563836041405797
ruminative,499,0.6550941478192807
psychotic,0,0.0
psychotic,1,0.6475373261779547
psychotic,2,0.5913733878552914
psychotic,3,0.6082369023546577
psychotic,4,0.6019615738868713
psychotic,5,0.6052620547279716
psychotic,6,0.5968099180832506
psychotic,7,0.5922319353505969
psychotic,8,0.5973019190087915
psychotic,9,0.5951380889624357
psychotic,10,0.5906359429851175
psychotic,11,0.6027607754632831
psychotic,12,0.6038564332127571
psychotic,13,0.5975198144942522
psychotic,14,0.5993714995577931
psychotic,15,0.6022296059772372
psychotic,16,0.6010737216979265
psychotic,17,0.599730751234293
psychotic,18,0.5963888860613108
psychotic,19,0.5961432511344552
psychotic,20,0.5913698871493339
psychotic,21,0.6027858464509249
psychotic,22,0.6064172084763646
psychotic,23,0.5996851706817746
psychotic,24,0.6004170641034842
psychotic,25,0.5987041994154453
psychotic,26,0.5997264968708158
psychotic,27,0.6037237646907568
psychotic,28,0.6068617858842015
psychotic,29,0.6049059727609157
psychotic,30,0.6096289539217948
psychotic,31,0.6048884192645549
psychotic,32,0.6030093397676944
psychotic,33,0.6070004347771406
psychotic,34,0.5996875131458044
psychotic,35,0.5939187793105841
psychotic,36,0.6008625637501478
psychotic,37,0.5970813812822103
psychotic,38,0.6006584832504391
psychotic,39,0.6024687030822039
psychotic,40,0.6016784105449915
psychotic,41,0.5977460861817002
psychotic,42,0.5998533345729112
psychotic,43,0.605786012120545
psychotic,44,0.6013548313781619
psychotic,45,0.6033892554402351
psychotic,46,0.6049176429599523
psychotic,47,0.6001693231850862
psychotic,48,0.6060143149092794
psychotic,49,0.6080828511342407
psychotic,50,0.6040730640634895
psychotic,51,0.5969792280301451
psychotic,52,0.5999803684160113
psychotic,53,0.6045971409052611
psychotic,54,0.600463978433609
psychotic,55,0.6081286683440208
psychotic,56,0.6137048785552383
psychotic,57,0.6135628914803266
psychotic,58,0.6091237928032875
psychotic,59,0.6085985968410969
psychotic,60,0.6056931778728962
psychotic,61,0.6062593169420958
psychotic,62,0.6183419723019004
psychotic,63,0.6048175162628293
psychotic,64,0.6030643173798919
psychotic,65,0.6040122785523534
psychotic,66,0.607188844679296
psychotic,67,0.6002405468955636
psychotic,68,0.6050378157898784
psychotic,69,0.6066230370014906
psychotic,70,0.6096486538097262
psychotic,71,0.6104011971533299
psychotic,72,0.6096402408659458
psychotic,73,0.6037173045679927
psychotic,74,0.6032318937316536
psychotic,75,0.6087299429818988
psychotic,76,0.6063007381632924
psychotic,77,0.6076522402405738
psychotic,78,0.5973726583763957
psychotic,79,0.6051627834543586
psychotic,80,0.611454824243486
psychotic,81,0.6043897704556584
psychotic,82,0.6013898124456406
psychotic,83,0.6061879548996687
psychotic,84,0.6065902424365283
psychotic,85,0.60741240940094
psychotic,86,0.6110173720628023
psychotic,87,0.6073561433553696
psychotic,88,0.6032322341680527
psychotic,89,0.6100620074644685
psychotic,90,0.6078744069188833
psychotic,91,0.6130244780153036
psychotic,92,0.614982486949861
psychotic,93,0.6143398748263716
psychotic,94,0.6175509859904647
psychotic,95,0.6091145107239485
psychotic,96,0.6013933672457934
psychotic,97,0.6025358369410038
psychotic,98,0.6039859089896082
psychotic,99,0.6118443567305804
psychotic,100,0.6092662289470434
psychotic,101,0.6032690110906959
psychotic,102,0.6055421311840415
psychotic,103,0.603898562964797
psychotic,104,0.605722164440155
psychotic,105,0.6049086546167731
psychotic,106,0.6033478846788406
psychotic,107,0.601467984828353
psychotic,108,0.5988276143357157
psychotic,109,0.6082527792841196
psychotic,110,0.6069403960049152
psychotic,111,0.6084602748602629
psychotic,112,0.6066353171050548
psychotic,113,0.6102153621539473
psychotic,114,0.6168220611095429
psychotic,115,0.611559202182293
psychotic,116,0.6110575472205877
psychotic,117,0.6062667827740311
psychotic,118,0.6077784651860595
psychotic,119,0.6103544192492962
psychotic,120,0.608092680709064
psychotic,121,0.6021416061878204
psychotic,122,0.6089120371118187
psychotic,123,0.6085720578029752
psychotic,124,0.603135987213254
psychotic,125,0.6060957501769065
psychotic,126,0.6010210140615702
psychotic,127,0.6039304030567407
psychotic,128,0.6048276706635952
psychotic,129,0.5979090437546373
psychotic,130,0.6009250023648143
psychotic,131,0.603436178047955
psychotic,132,0.6052443419262766
psychotic,133,0.6093801491037011
psychotic,134,0.6155313122421503
psychotic,135,0.6129062077000738
psychotic,136,0.6063123953223228
psychotic,137,0.6041045133978128
psychotic,138,0.6008039764955639
psychotic,139,0.6047372850090266
psychotic,140,0.603304235470295
psychotic,141,0.6092375800743699
psychotic,142,0.6111870320677757
psychotic,143,0.6025061026111245
psychotic,144,0.6000484778493643
psychotic,145,0.6004898973792792
psychotic,146,0.6039650155976415
psychotic,147,0.6052775150984526
psychotic,148,0.6022832624956965
psychotic,149,0.6029995298653841
psychotic,150,0.6099963324725628
psychotic,151,0.6113445820510387
psychotic,152,0.6071361054554582
psychotic,153,0.606063485121727
psychotic,154,0.5987093263417482
psychotic,155,0.6135926875978708
psychotic,156,0.606546534012258
psychotic,157,0.5991209298938512
psychotic,158,0.6066248732089996
psychotic,159,0.6043330350413918
psychotic,160,0.6011360034435987
psychotic,161,0.600897553986311
psychotic,162,0.6037675265401602
psychotic,163,0.5962558548510075
psychotic,164,0.6001075451910496
psychotic,165,0.605069545134902
psychotic,166,0.6059422528132796
psychotic,167,0.6073805600002408
psychotic,168,0.6124526898831129
psychotic,169,0.6051510111421347
psychotic,170,0.5999230595290661
psychotic,171,0.607727908025682
psychotic,172,0.607053634211421
psychotic,173,0.6060981119975448
psychotic,174,0.5981913118198514
psychotic,175,0.6069830814018845
psychotic,176,0.6052641011238098
psychotic,177,0.611972137607634
psychotic,178,0.6079547664999961
psychotic,179,0.6003672862231731
psychotic,180,0.604323121497035
psychotic,181,0.6063198394373059
psychotic,182,0.6068510799705982
psychotic,183,0.6109546847522259
psychotic,184,0.6158145527243615
psychotic,185,0.6107275792852044
psychotic,186,0.6068563664615154
psychotic,187,0.6128081323742867
psychotic,188,0.6077589649692178
psychotic,189,0.6137164403989911
psychotic,190,0.6136193919718266
psychotic,191,0.6049417969852686
psychotic,192,0.6104933858528733
psychotic,193,0.6075700911194086
psychotic,194,0.6092962598055601
psychotic,195,0.6095162778273224
psychotic,196,0.6074944757789373
psychotic,197,0.6032764703780412
psychotic,198,0.6040616787731647
psychotic,199,0.6011984212756157
psychotic,200,0.612865991576016
psychotic,201,0.6101596626102924
psychotic,202,0.6097829158902168
psychotic,203,0.610321557816863
psychotic,204,0.6146661750048399
psychotic,205,0.6180293988406658
psychotic,206,0.6136414395526052
psychotic,207,0.6032778154954315
psychotic,208,0.610492414753139
psychotic,209,0.6080463364601135
psychotic,210,0.6045035382196308
psychotic,211,0.6070649307727813
psychotic,212,0.6030563323840499
psychotic,213,0.5998917432203889
psychotic,214,0.6022227225989103
psychotic,215,0.59897575981915
psychotic,216,0.5990733303830028
psychotic,217,0.6034192731201649
psychotic,218,0.6024417642563581
psychotic,219,0.6095348788827658
psychotic,220,0.6166129700541496
psychotic,221,0.6108152967214584
psychotic,222,0.6045544974341989
psychotic,223,0.6105949820384383
psychotic,224,0.6081484390482307
psychotic,225,0.6051396683499217
psychotic,226,0.606365695399046
psychotic,227,0.608737807199359
psychotic,228,0.6174838392972947
psychotic,229,0.610571647657454
psychotic,230,0.6001970140010119
psychotic,231,0.6052186105117202
psychotic,232,0.6038760949000717
psychotic,233,0.6107797896787525
psychotic,234,0.613419685253501
psychotic,235,0.6082187755331397
psychotic,236,0.6088235718667507
psychotic,237,0.6081881282672286
psychotic,238,0.6112728884384037
psychotic,239,0.6146025234431028
psychotic,240,0.6076370391309261
psychotic,241,0.6058194367542863
psychotic,242,0.6101030206486583
psychotic,243,0.6038767389968037
psychotic,244,0.600134230555594
psychotic,245,0.6033089367151261
psychotic,246,0.6054086792588234
psychotic,247,0.6057993914201856
psychotic,248,0.6078693458631634
psychotic,249,0.6050702508419752
psychotic,250,0.606002283629775
psychotic,251,0.5995457450941205
psychotic,252,0.602784407427907
psychotic,253,0.6044372749462724
psychotic,254,0.6043252455472946
psychotic,255,0.5977074262470007
psychotic,256,0.6054303379371763
psychotic,257,0.6036221847653389
psychotic,258,0.6033609000340104
psychotic,259,0.6070767922848463
psychotic,260,0.6102588466256857
psychotic,261,0.6135928558647633
psychotic,262,0.6026768905699253
psychotic,263,0.6047594159811736
psychotic,264,0.6040434101372957
psychotic,265,0.6025789307162166
psychotic,266,0.6047295799940825
psychotic,267,0.6007073431968689
psychotic,268,0.597172609333694
psychotic,269,0.6027408930659294
psychotic,270,0.6032901702284813
psychotic,271,0.6133395974770188
psychotic,272,0.6156760864838958
psychotic,273,0.6069802417218685
psychotic,274,0.6048889598473907
psychotic,275,0.605070653745532
psychotic,276,0.6079476433604956
psychotic,277,0.611148622110486
psychotic,278,0.6124512493908405
psychotic,279,0.6106322498083114
psychotic,280,0.6127190064385534
psychotic,281,0.6057006427839399
psychotic,282,0.597858232589066
psychotic,283,0.6113112570852042
psychotic,284,0.6084948329806328
psychotic,285,0.6054363288775086
psychotic,286,0.6099227111458778
psychotic,287,0.6093856219023466
psychotic,288,0.6065185777872801
psychotic,289,0.6019718698143959
psychotic,290,0.6007811785727739
psychotic,291,0.6067333282053471
psychotic,292,0.605799518752098
psychotic,293,0.6030242949485779
psychotic,294,0.6006843758314848
psychotic,295,0.6035532075330615
psychotic,296,0.608719949258864
psychotic,297,0.6092440098568798
psychotic,298,0.6078763684168458
psychotic,299,0.613534313775599
psychotic,300,0.6067839336052537
psychotic,301,0.6094230196267366
psychotic,302,0.6080785758301616
psychotic,303,0.6097058022364974
psychotic,304,0.601811208486557
psychotic,305,0.5959893392115831
psychotic,306,0.5987107676953077
psychotic,307,0.5968494934633374
psychotic,308,0.5997509569972753
psychotic,309,0.6025146653786302
psychotic,310,0.6026148907080293
psychotic,311,0.6023794568598271
psychotic,312,0.6081806166887284
psychotic,313,0.6098348593592644
psychotic,314,0.6054363268062473
psychotic,315,0.6053106310144066
psychotic,316,0.6072854249566794
psychotic,317,0.6085965098544955
psychotic,318,0.612165532976389
psychotic,319,0.6043262747630477
psychotic,320,0.601274794870615
psychotic,321,0.6026439055904746
psychotic,322,0.5947359202668071
psychotic,323,0.5932719412729144
psychotic,324,0.6091669992014765
psychotic,325,0.6052412412181497
psychotic,326,0.6066357871621847
psychotic,327,0.6034161504045129
psychotic,328,0.599890403200686
psychotic,329,0.6040935196757317
psychotic,330,0.6013832448452711
psychotic,331,0.60553582624048
psychotic,332,0.6052237522363663
psychotic,333,0.6054993638023735
psychotic,334,0.6031271484121681
psychotic,335,0.6091950386598706
psychotic,336,0.6081107538282872
psychotic,337,0.6087571036592125
psychotic,338,0.5991078081488609
psychotic,339,0.6002740949988365
psychotic,340,0.6035917991667986
psychotic,341,0.605312066885829
psychotic,342,0.6060057800620794
psychotic,343,0.6032882068440318
psychotic,344,0.606053594431281
psychotic,345,0.6094623196020722
psychotic,346,0.6094212841466069
psychotic,347,0.6025269059166313
psychotic,348,0.601109153777361
psychotic,349,0.5983143165439367
psychotic,350,0.5898434618547559
psychotic,351,0.6017746091216802
psychotic,352,0.6060924462467432
psychotic,353,0.6014423665136099
psychotic,354,0.6032227922052145
psychotic,355,0.6100965292170644
psychotic,356,0.6047144755065441
psychotic,357,0.600772993350029
psychotic,358,0.6013759736895561
psychotic,359,0.5989227153271437
psychotic,360,0.5991656723424792
psychotic,361,0.6053021168991923
psychotic,362,0.6054268571078777
psychotic,363,0.6043107594370842
psychotic,364,0.598716192342341
psychotic,365,0.6003902659580111
psychotic,366,0.6065684434309602
psychotic,367,0.6082470124438405
psychotic,368,0.6010413786113262
psychotic,369,0.60161549385041
psychotic,370,0.605169486451149
psychotic,371,0.6050884545654058
psychotic,372,0.6067427736267448
psychotic,373,0.6059364853277802
psychotic,374,0.60852863419801
psychotic,375,0.6133724494367838
psychotic,376,0.6081607009008527
psychotic,377,0.6064299220129847
psychotic,378,0.6055911229148507
psychotic,379,0.603708942835033
psychotic,380,0.611512421527505
psychotic,381,0.6097807573631406
psychotic,382,0.6078378955736756
psychotic,383,0.6102409350857139
psychotic,384,0.6091276403918863
psychotic,385,0.605969276855886
psychotic,386,0.6031982214599848
psychotic,387,0.6020890689432621
psychotic,388,0.6128939656063914
psychotic,389,0.6136874245807529
psychotic,390,0.6094769800931216
psychotic,391,0.5976546578884124
psychotic,392,0.6061123163133859
psychotic,393,0.6061225323081016
psychotic,394,0.6037744751572609
psychotic,395,0.6064780142784119
psychotic,396,0.6011595111206174
psychotic,397,0.6022852047428489
psychotic,398,0.5995985483765602
psychotic,399,0.599227269873023
psychotic,400,0.6001049983173609
psychotic,401,0.6012036359935999
psychotic,402,0.5952325696989894
psychotic,403,0.6024498827517033
psychotic,404,0.609830315618217
psychotic,405,0.6104963955923914
psychotic,406,0.6059732254296541
psychotic,407,0.6094812982961535
psychotic,408,0.6032763953953981
psychotic,409,0.6096944554254413
psychotic,410,0.6049042252615094
psychotic,411,0.6038840163260698
psychotic,412,0.6042594895616173
psychotic,413,0.6092245336785913
psychotic,414,0.6066004145115614
psychotic,415,0.5987974324256182
psychotic,416,0.5976702771127224
psychotic,417,0.6037401533678174
psychotic,418,0.6045519508436322
psychotic,419,0.6138177008405328
psychotic,420,0.6092999319210649
psychotic,421,0.6048408257260919
psychotic,422,0.6086083342880011
psychotic,423,0.6113836909145117
psychotic,424,0.6128080711215734
psychotic,425,0.6147398049533367
psychotic,426,0.6160926488086581
psychotic,427,0.6124359071090817
psychotic,428,0.6040527700349688
psychotic,429,0.6031394997507333
psychotic,430,0.6064902969509364
psychotic,431,0.6062749944120646
psychotic,432,0.6068332057744265
psychotic,433,0.6080512002289296
psychotic,434,0.6084512748718262
psychotic,435,0.606629332369566
psychotic,436,0.6068284527257085
psychotic,437,0.6069302783861756
psychotic,438,0.6102129497662186
psychotic,439,0.6131550698578357
psychotic,440,0.6082294968172908
psychotic,441,0.606445211713016
psychotic,442,0.6069772712171078
psychotic,443,0.6044679381623864
psychotic,444,0.6080596769288182
psychotic,445,0.6036653414070606
psychotic,446,0.6062243373900652
psychotic,447,0.5945647820487618
psychotic,448,0.5973370242893696
psychotic,449,0.5974137172043323
psychotic,450,0.5974163709327579
psychotic,451,0.5996489911869168
psychotic,452,0.6002958730235696
psychotic,453,0.5983925742849707
psychotic,454,0.602893423755467
psychotic,455,0.5950064036428928
psychotic,456,0.6024642337739468
psychotic,457,0.6062609307393432
psychotic,458,0.597995343181491
psychotic,459,0.6010306518480182
psychotic,460,0.5975901867881417
psychotic,461,0.6034467378467321
psychotic,462,0.6056405666321516
psychotic,463,0.6073629194974899
psychotic,464,0.604359382942319
psychotic,465,0.6048324431866408
psychotic,466,0.5993364093467594
psychotic,467,0.5990889144122601
psychotic,468,0.595741417363286
psychotic,469,0.6052534722566605
psychotic,470,0.610695303992927
psychotic,471,0.601843222373724
psychotic,472,0.600040031349659
psychotic,473,0.5981304816797376
psychotic,474,0.6020829711139202
psychotic,475,0.6031840098783374
psychotic,476,0.605988287755847
psychotic,477,0.5993894225403666
psychotic,478,0.5995097310930491
psychotic,479,0.6030870206087827
psychotic,480,0.6021084654569626
psychotic,481,0.6054297757297754
psychotic,482,0.6084565740719438
psychotic,483,0.6066990149274468
psychotic,484,0.6024876649886369
psychotic,485,0.6035156708523631
psychotic,486,0.6039202236413955
psychotic,487,0.5979488928601145
psychotic,488,0.5984220082893967
psychotic,489,0.6010016615614295
psychotic,490,0.6004449238717556
psychotic,491,0.5965262577503919
psychotic,492,0.607025829963386
psychotic,493,0.6134382544919849
psychotic,494,0.604360640604794
psychotic,495,0.6066012114375829
psychotic,496,0.6031931863695383
psychotic,497,0.5995142925605178
psychotic,498,0.6048688797146082
psychotic,499,0.5979577435910701
