regime,step,mean_C_ent,mean_entropy,mean_kappa
normative,0,0.039593916,0.7567549,-0.044153627
normative,1,0.009784594,0.9928742,-0.09029359
normative,2,0.020182684,0.7924749,-0.06519873
normative,3,0.0109290825,0.9474769,-0.08521378
normative,4,0.018288542,0.8011303,-0.06739033
normative,5,0.010892697,0.92736465,-0.08443112
normative,6,0.014999825,0.8076135,-0.07212577
normative,7,0.011045564,0.9142668,-0.0817953
normative,8,0.015572368,0.80216074,-0.071918055
normative,9,0.009354189,0.9117546,-0.08482555
normative,10,0.015824312,0.8011205,-0.07187726
normative,11,0.0095168995,0.8994794,-0.08396582
normative,12,0.0146507155,0.80321604,-0.07117403
normative,13,0.009635004,0.89063376,-0.08177345
normative,14,0.014139749,0.7997202,-0.07217198
normative,15,0.009948926,0.88588876,-0.08292368
normative,16,0.013198544,0.8049238,-0.076274045
normative,17,0.009377997,0.87796825,-0.08347913
normative,18,0.011909573,0.8079701,-0.07719649
normative,19,0.009620102,0.8727793,-0.082425326
normative,20,0.01220541,0.80543435,-0.07689368
normative,21,0.010239396,0.8672658,-0.08168042
normative,22,0.012611422,0.80056596,-0.07486488
normative,23,0.010125644,0.8620682,-0.0811676
normative,24,0.012338114,0.79828864,-0.07471128
normative,25,0.009778489,0.8598575,-0.08155812
normative,26,0.012632448,0.79627043,-0.07428121
normative,27,0.010625111,0.8535042,-0.07907763
normative,28,0.01115785,0.8000271,-0.07668404
normative,29,0.009585502,0.85215545,-0.082240656
normative,30,0.011391828,0.8018604,-0.077210195
normative,31,0.0107706515,0.8450415,-0.079172745
normative,32,0.0118926335,0.79851073,-0.07604827
normative,33,0.010824513,0.84392834,-0.07867612
normative,34,0.011086894,0.797379,-0.07711977
normative,35,0.01032905,0.84095305,-0.0791151
normative,36,0.0110144,0.7991429,-0.07776762
normative,37,0.009994589,0.8422518,-0.080414586
normative,38,0.012192411,0.79471016,-0.07615151
normative,39,0.01074898,0.8386321,-0.079803266
normative,40,0.01150782,0.7929246,-0.07744981
normative,41,0.010093704,0.84138864,-0.08115787
normative,42,0.011703767,0.79576355,-0.077566035
normative,43,0.010847973,0.83369833,-0.079590656
normative,44,0.0106265405,0.7976424,-0.079561576
normative,45,0.010069145,0.83040774,-0.08078445
normative,46,0.010989712,0.7976728,-0.07905335
normative,47,0.011594002,0.8236552,-0.07671688
normative,48,0.011285549,0.79534376,-0.07809942
normative,49,0.010896698,0.8290393,-0.07926861
normative,50,0.011348806,0.79773116,-0.07917815
normative,51,0.012058236,0.82060754,-0.07679462
normative,52,0.009865322,0.8013787,-0.08157058
normative,53,0.012321751,0.8196726,-0.07690531
normative,54,0.012510971,0.7916721,-0.0766284
normative,55,0.011494129,0.82397306,-0.077504754
normative,56,0.011168332,0.7909816,-0.07836928
normative,57,0.0116236815,0.8233352,-0.07859283
normative,58,0.011393092,0.78925484,-0.07813747
normative,59,0.011335607,0.817499,-0.077796735
normative,60,0.011068508,0.7909124,-0.078780435
normative,61,0.011885106,0.8152086,-0.07826487
normative,62,0.010154163,0.79588574,-0.080496095
normative,63,0.013039157,0.8092975,-0.07517386
normative,64,0.010424948,0.7925147,-0.08132413
normative,65,0.012340949,0.8102297,-0.07595748
normative,66,0.010295237,0.7947548,-0.08136487
normative,67,0.013103483,0.8072651,-0.07533914
normative,68,0.010462066,0.79294413,-0.07994841
normative,69,0.012463758,0.8096909,-0.07631442
normative,70,0.010552493,0.7940967,-0.08031822
normative,71,0.012904332,0.80537647,-0.074736
normative,72,0.011137239,0.7895787,-0.077993356
normative,73,0.012881973,0.799741,-0.073928505
normative,74,0.010841275,0.7932616,-0.08035394
normative,75,0.011621839,0.80252963,-0.07691729
normative,76,0.0110293,0.79101413,-0.08036724
normative,77,0.011983283,0.8036214,-0.07680408
normative,78,0.0111154895,0.7914965,-0.07962061
normative,79,0.010727167,0.8063801,-0.07838132
normative,80,0.011335186,0.79044574,-0.078893304
normative,81,0.011690892,0.8016151,-0.07702037
normative,82,0.011911924,0.78823566,-0.07773137
normative,83,0.012614742,0.80125093,-0.07748009
normative,84,0.011288538,0.7848053,-0.07909433
normative,85,0.012032403,0.79822886,-0.07716868
normative,86,0.012018282,0.782665,-0.07849144
normative,87,0.01145801,0.79889953,-0.078235224
normative,88,0.011521578,0.78288066,-0.078356795
normative,89,0.01197827,0.7971372,-0.07862921
normative,90,0.010783291,0.78866535,-0.08082587
normative,91,0.01220019,0.7967608,-0.076750755
normative,92,0.010822729,0.7891838,-0.08025871
normative,93,0.012668847,0.79705197,-0.07707248
normative,94,0.0114024645,0.7867361,-0.078515984
normative,95,0.013381796,0.7901768,-0.074555404
normative,96,0.011517974,0.78716755,-0.079910845
normative,97,0.01272192,0.7962909,-0.076776244
normative,98,0.011193087,0.78591526,-0.080897614
normative,99,0.012115505,0.792105,-0.07812922
normative,100,0.011779457,0.7837375,-0.07857271
normative,101,0.0132909985,0.7852467,-0.07435423
normative,102,0.011197396,0.7849263,-0.08011969
normative,103,0.013640064,0.7886311,-0.076071255
normative,104,0.010834417,0.78544176,-0.079655394
normative,105,0.012163174,0.787573,-0.07692984
normative,106,0.011536894,0.781783,-0.07865301
normative,107,0.011808347,0.789082,-0.07638794
normative,108,0.012250223,0.77766025,-0.07701486
normative,109,0.012515842,0.78792685,-0.07556435
normative,110,0.011782719,0.7805523,-0.07794195
normative,111,0.012050764,0.7860818,-0.07662121
normative,112,0.011105463,0.7800214,-0.07935124
normative,113,0.012684233,0.78182554,-0.07490977
normative,114,0.01141334,0.77775735,-0.08022519
normative,115,0.011934143,0.7840275,-0.07621564
normative,116,0.012237824,0.77500725,-0.07908025
normative,117,0.011508526,0.7856768,-0.07708467
normative,118,0.011401293,0.7794901,-0.07928426
normative,119,0.012447852,0.78465146,-0.07595622
normative,120,0.011774643,0.77278775,-0.078094274
normative,121,0.012369819,0.78427553,-0.075161956
normative,122,0.012177678,0.77157396,-0.07657549
normative,123,0.013190193,0.77960145,-0.07399624
normative,124,0.010934118,0.77331394,-0.08017076
normative,125,0.013691436,0.7796393,-0.07399336
normative,126,0.011457054,0.7770865,-0.080607764
normative,127,0.013874009,0.7809609,-0.073788635
normative,128,0.011894059,0.7697937,-0.078035794
normative,129,0.013599381,0.7819774,-0.074469864
normative,130,0.011836341,0.77169406,-0.07846314
normative,131,0.013358235,0.78180474,-0.07360641
normative,132,0.012072817,0.7696822,-0.07757907
normative,133,0.013417383,0.77777046,-0.07342826
normative,134,0.012540721,0.76781636,-0.076831274
normative,135,0.0136251785,0.78004456,-0.07301351
normative,136,0.012149491,0.76654404,-0.07627887
normative,137,0.013388605,0.7833721,-0.074379
normative,138,0.011415172,0.7718433,-0.07855139
normative,139,0.013260394,0.7806057,-0.073976055
normative,140,0.012505896,0.76878136,-0.07575489
normative,141,0.013353027,0.77917796,-0.07352561
normative,142,0.013775732,0.76567614,-0.07479874
normative,143,0.012791729,0.78353256,-0.0753624
normative,144,0.013327376,0.76357627,-0.07535349
normative,145,0.013157606,0.7809951,-0.074422896
normative,146,0.012381174,0.7702097,-0.07778993
normative,147,0.013335491,0.7794709,-0.07359519
normative,148,0.013576206,0.76702714,-0.07516428
normative,149,0.0127439145,0.7787693,-0.07377161
normative,150,0.012659931,0.7662169,-0.07596778
normative,151,0.0139209535,0.7756502,-0.071548894
normative,152,0.013383951,0.7657179,-0.07507715
normative,153,0.014429489,0.7756114,-0.07154997
normative,154,0.01356537,0.7657313,-0.07518574
normative,155,0.014065343,0.7762719,-0.072257586
normative,156,0.014093478,0.7642248,-0.07495306
normative,157,0.01447048,0.7730061,-0.071746916
normative,158,0.012891174,0.7650138,-0.076600455
normative,159,0.014551189,0.7727578,-0.071077086
normative,160,0.013898639,0.7629879,-0.07455134
normative,161,0.014852484,0.7742988,-0.07110338
normative,162,0.01358043,0.7663196,-0.076031506
normative,163,0.014682698,0.768279,-0.07018244
normative,164,0.013448753,0.7651851,-0.07577387
normative,165,0.014636028,0.77458304,-0.0706645
normative,166,0.013239404,0.76757795,-0.07576372
normative,167,0.0151285445,0.7714262,-0.070941366
normative,168,0.012901543,0.7644314,-0.0758013
normative,169,0.015013836,0.7686339,-0.070346646
normative,170,0.014046524,0.76098806,-0.07454593
normative,171,0.015537484,0.76942325,-0.06991161
normative,172,0.01327121,0.76288396,-0.07577675
normative,173,0.015932059,0.7682019,-0.07021097
normative,174,0.014492269,0.7584997,-0.073081575
normative,175,0.015825702,0.7666225,-0.07060274
normative,176,0.01448152,0.7594667,-0.07315897
normative,177,0.01480238,0.76734126,-0.07195944
normative,178,0.014126727,0.76134026,-0.07463177
normative,179,0.014905539,0.768202,-0.0726286
normative,180,0.013589794,0.7625355,-0.07483787
normative,181,0.01689809,0.7617144,-0.06921934
normative,182,0.014284419,0.7613701,-0.07421522
normative,183,0.015311818,0.7650345,-0.07281045
normative,184,0.013906128,0.762404,-0.073912784
normative,185,0.015362761,0.7635045,-0.0717238
normative,186,0.014012561,0.76048076,-0.07377402
normative,187,0.014946766,0.7636705,-0.07263539
normative,188,0.0146708265,0.7624849,-0.07355133
normative,189,0.014955607,0.7645458,-0.072037674
normative,190,0.014896636,0.76178116,-0.07312085
normative,191,0.01493477,0.7639428,-0.07170529
normative,192,0.015875697,0.7591035,-0.07262709
normative,193,0.01536333,0.76540685,-0.07164105
normative,194,0.015253901,0.7615813,-0.0735565
normative,195,0.014712771,0.76546574,-0.072213754
normative,196,0.016879644,0.75319666,-0.07024695
normative,197,0.014996779,0.76667446,-0.07103876
normative,198,0.015418657,0.75501215,-0.073058926
normative,199,0.014488931,0.7692284,-0.07228364
normative,200,0.016427146,0.75512475,-0.07181649
normative,201,0.013720073,0.77167445,-0.07400699
normative,202,0.015373677,0.7558753,-0.07222533
normative,203,0.013598913,0.7746955,-0.0760782
normative,204,0.015642177,0.7552532,-0.0718071
normative,205,0.012801143,0.7746083,-0.07619496
normative,206,0.016346993,0.7532291,-0.071183704
normative,207,0.013473659,0.7715943,-0.07428809
normative,208,0.016467141,0.7573962,-0.07124968
normative,209,0.01400509,0.76700175,-0.073821835
normative,210,0.0150004085,0.7586935,-0.07226196
normative,211,0.014889305,0.76816565,-0.07305508
normative,212,0.0151329255,0.75615406,-0.07205985
normative,213,0.013881909,0.7690274,-0.07459475
normative,214,0.015469629,0.7574294,-0.0721467
normative,215,0.01348908,0.77054965,-0.07412892
normative,216,0.015551371,0.7567937,-0.071880765
normative,217,0.014439403,0.7653204,-0.072622664
normative,218,0.015946431,0.75928885,-0.07160429
normative,219,0.014903563,0.7665733,-0.072611175
normative,220,0.016643688,0.75652105,-0.070178635
normative,221,0.0154479565,0.7632947,-0.071472295
normative,222,0.015851801,0.7559059,-0.07095132
normative,223,0.014606304,0.76435316,-0.072432555
normative,224,0.015395425,0.7589883,-0.07133232
normative,225,0.013974568,0.7694992,-0.07411404
normative,226,0.014859678,0.7599987,-0.07268809
normative,227,0.01464696,0.7660724,-0.07226029
normative,228,0.015397939,0.759336,-0.07202224
normative,229,0.015706874,0.76350665,-0.070302375
normative,230,0.0151246395,0.75752765,-0.07226746
normative,231,0.015816757,0.7624761,-0.06947251
normative,232,0.015872514,0.75829333,-0.07121746
normative,233,0.016807785,0.76315457,-0.068496995
normative,234,0.015354506,0.7559362,-0.07111685
normative,235,0.015850687,0.7605861,-0.06998713
normative,236,0.016695796,0.75396955,-0.07057136
normative,237,0.01570919,0.7638204,-0.07057697
normative,238,0.016276343,0.7546277,-0.07052045
normative,239,0.015771044,0.76116896,-0.070220605
normative,240,0.015568011,0.7543768,-0.07207891
normative,241,0.015918741,0.7602324,-0.069628686
normative,242,0.016510043,0.75208586,-0.07043578
normative,243,0.0154493395,0.7658579,-0.07060528
normative,244,0.017135033,0.74949735,-0.068927
normative,245,0.015488556,0.764195,-0.06995035
normative,246,0.017700678,0.7479958,-0.06800595
normative,247,0.015137375,0.76528513,-0.07083274
normative,248,0.017925892,0.75038534,-0.06801031
normative,249,0.01559816,0.7625367,-0.06936582
normative,250,0.01718147,0.75124896,-0.069017835
normative,251,0.015807686,0.7626815,-0.06946346
normative,252,0.018378666,0.7468257,-0.06704123
normative,253,0.015533571,0.7616045,-0.070471585
normative,254,0.016648995,0.7545448,-0.071053594
normative,255,0.015841877,0.75917023,-0.06972941
normative,256,0.01659915,0.7498416,-0.06933043
normative,257,0.015575916,0.7602058,-0.07100419
normative,258,0.017106473,0.75271755,-0.070958
normative,259,0.015026944,0.7612122,-0.07118738
normative,260,0.017001625,0.7540182,-0.070592664
normative,261,0.015495775,0.7586721,-0.07035342
normative,262,0.016901981,0.75274956,-0.07035379
normative,263,0.01514599,0.76244944,-0.07214244
normative,264,0.017231109,0.7488291,-0.06979731
normative,265,0.014608073,0.7638981,-0.07276175
normative,266,0.016850328,0.74735403,-0.07021969
normative,267,0.014834279,0.7642929,-0.07209572
normative,268,0.016143296,0.75156647,-0.07097045
normative,269,0.01494694,0.7666977,-0.07270366
normative,270,0.016416138,0.7475979,-0.069323465
normative,271,0.015686378,0.7652052,-0.07115163
normative,272,0.016052151,0.74821174,-0.07107392
normative,273,0.015165623,0.7648367,-0.07181317
normative,274,0.016752183,0.7494122,-0.07073719
normative,275,0.015519652,0.76796883,-0.07298649
normative,276,0.016992392,0.74691594,-0.07003563
normative,277,0.015111039,0.7664291,-0.072582744
normative,278,0.017015556,0.7448227,-0.06987986
normative,279,0.01631201,0.7608906,-0.07051152
normative,280,0.017558249,0.75053513,-0.06972649
normative,281,0.016424816,0.76052743,-0.07141633
normative,282,0.018601885,0.7477446,-0.06796712
normative,283,0.01664379,0.75748795,-0.07048193
normative,284,0.018011106,0.7476999,-0.067638
normative,285,0.016768442,0.75763476,-0.0704672
normative,286,0.017363513,0.7465099,-0.06763711
normative,287,0.016665613,0.75719094,-0.07000816
normative,288,0.018392002,0.7469746,-0.06691842
normative,289,0.01667581,0.75579244,-0.07089166
normative,290,0.01790301,0.74543494,-0.06750453
normative,291,0.017685026,0.7524588,-0.068091705
normative,292,0.018271476,0.74653023,-0.067299396
normative,293,0.017065046,0.7548333,-0.06929301
normative,294,0.018890448,0.74517196,-0.066094555
normative,295,0.017498014,0.75244546,-0.06827216
normative,296,0.018866558,0.7441826,-0.0663921
normative,297,0.017431643,0.75197566,-0.06876793
normative,298,0.017510982,0.7467546,-0.068358384
normative,299,0.01784076,0.7529923,-0.068598844
normative,300,0.018490247,0.7432545,-0.06680226
normative,301,0.017233199,0.75261813,-0.06956906
normative,302,0.018067282,0.7431026,-0.06853758
normative,303,0.016846698,0.75667036,-0.07035725
normative,304,0.017193757,0.74798006,-0.070268966
normative,305,0.01704868,0.75398725,-0.06885355
normative,306,0.017886631,0.74355656,-0.06855526
normative,307,0.016992465,0.7511585,-0.06820285
normative,308,0.017031472,0.7457018,-0.07020526
normative,309,0.016952332,0.7511083,-0.068402864
normative,310,0.017560774,0.7437708,-0.069385886
normative,311,0.017583562,0.74989396,-0.06786991
normative,312,0.017232658,0.74309856,-0.069898546
normative,313,0.016689332,0.75332403,-0.07001942
normative,314,0.01821033,0.7420693,-0.06941318
normative,315,0.017884111,0.74837023,-0.06663364
normative,316,0.018273974,0.7428709,-0.06899446
normative,317,0.016299853,0.75611824,-0.07022054
normative,318,0.018538399,0.743996,-0.06920541
normative,319,0.017494159,0.7541785,-0.06929004
normative,320,0.017279878,0.74441236,-0.07104923
normative,321,0.016759755,0.7543353,-0.069825985
normative,322,0.017775733,0.7394096,-0.06906662
normative,323,0.01723868,0.751473,-0.06953301
normative,324,0.0180675,0.74274397,-0.06947554
normative,325,0.017023595,0.7481242,-0.06884967
normative,326,0.017415138,0.74049616,-0.0699503
normative,327,0.017166967,0.7497697,-0.068576455
normative,328,0.01756785,0.7408624,-0.069403656
normative,329,0.016766502,0.7547766,-0.070386045
normative,330,0.017111292,0.74377966,-0.0702377
normative,331,0.017865388,0.749249,-0.068093546
normative,332,0.017235942,0.7431751,-0.069762975
normative,333,0.017726514,0.748253,-0.068310134
normative,334,0.016884651,0.74452734,-0.07096683
normative,335,0.017921818,0.7475992,-0.06717433
normative,336,0.016984532,0.7424823,-0.07015825
normative,337,0.017307365,0.7492372,-0.068062894
normative,338,0.0179181,0.7403692,-0.0690089
normative,339,0.017035337,0.75494885,-0.06896197
normative,340,0.017723091,0.7421299,-0.07029026
normative,341,0.01731816,0.7540429,-0.06932014
normative,342,0.017743748,0.7426077,-0.07083528
normative,343,0.017236324,0.7532404,-0.06939352
normative,344,0.017082168,0.7452378,-0.07219598
normative,345,0.017476484,0.75209445,-0.06882959
normative,346,0.017123632,0.74674314,-0.07225916
normative,347,0.017206809,0.7518388,-0.068428665
normative,348,0.018047003,0.7439966,-0.071077175
normative,349,0.01714201,0.7565978,-0.069469
normative,350,0.017321615,0.7405581,-0.07081672
normative,351,0.018167013,0.7544646,-0.06741782
normative,352,0.017933978,0.7382681,-0.06962083
normative,353,0.017328454,0.75757885,-0.06930817
normative,354,0.017261812,0.7403951,-0.07140281
normative,355,0.017579952,0.75277996,-0.06787686
normative,356,0.0172535,0.7425663,-0.070858195
normative,357,0.01709498,0.75504595,-0.06882326
normative,358,0.017542413,0.74401015,-0.07099523
normative,359,0.017805588,0.7507218,-0.06735239
normative,360,0.017692063,0.7432207,-0.07136591
normative,361,0.017775245,0.7471854,-0.06781021
normative,362,0.017626619,0.7445996,-0.07187513
normative,363,0.017176785,0.7517473,-0.06918457
normative,364,0.017150493,0.74255925,-0.07126624
normative,365,0.017685173,0.74901086,-0.068422146
normative,366,0.017382696,0.74504244,-0.07155881
normative,367,0.018341554,0.74800557,-0.06762489
normative,368,0.018410172,0.7417334,-0.06965027
normative,369,0.017464913,0.7499284,-0.06912264
normative,370,0.018449834,0.74166286,-0.06988277
normative,371,0.017832523,0.7489846,-0.06831093
normative,372,0.017955145,0.7429234,-0.0707693
normative,373,0.018901214,0.7468036,-0.06691147
normative,374,0.018509103,0.7407426,-0.06937459
normative,375,0.017891172,0.7510765,-0.0691518
normative,376,0.018733364,0.7404546,-0.06981387
normative,377,0.017720591,0.750533,-0.069510214
normative,378,0.017385691,0.74501866,-0.072113596
normative,379,0.017352758,0.74525726,-0.06940486
normative,380,0.019069636,0.73903424,-0.068679005
normative,381,0.018002013,0.7454314,-0.06814023
normative,382,0.018616082,0.74515516,-0.0704033
normative,383,0.018041305,0.7405643,-0.067619026
normative,384,0.01827701,0.7442686,-0.069942296
normative,385,0.017848635,0.7437157,-0.0674485
normative,386,0.018220685,0.742767,-0.06905962
normative,387,0.017347028,0.74623996,-0.069067284
normative,388,0.018590674,0.743896,-0.0696853
normative,389,0.017585665,0.74422014,-0.0672516
normative,390,0.017739354,0.74307257,-0.07037923
normative,391,0.016999885,0.7471584,-0.06870822
normative,392,0.018422762,0.74007404,-0.06975156
normative,393,0.017605187,0.7425577,-0.06749241
normative,394,0.016641106,0.74113643,-0.072106466
normative,395,0.018677996,0.7464795,-0.0663154
normative,396,0.016784761,0.74283844,-0.07157523
normative,397,0.018706182,0.74606806,-0.0660518
normative,398,0.017560525,0.73940665,-0.070477985
normative,399,0.018321726,0.74770755,-0.06677832
normative,400,0.017257178,0.73937553,-0.07019558
normative,401,0.01855784,0.74331784,-0.06545776
normative,402,0.01689781,0.7413892,-0.070357256
normative,403,0.018266555,0.7477774,-0.066725746
normative,404,0.017975844,0.7369394,-0.0692011
normative,405,0.019243348,0.74716413,-0.06588821
normative,406,0.018682864,0.73423743,-0.06728552
normative,407,0.018900841,0.74869555,-0.0655215
normative,408,0.01943668,0.7323823,-0.06590106
normative,409,0.01903066,0.7466012,-0.065589234
normative,410,0.018349601,0.7349389,-0.06711254
normative,411,0.019067802,0.74791765,-0.066264026
normative,412,0.01845307,0.7369029,-0.067570515
normative,413,0.018846322,0.7474188,-0.06593467
normative,414,0.018859807,0.73846304,-0.06739493
normative,415,0.01886264,0.749077,-0.06653184
normative,416,0.019119794,0.7379322,-0.067707546
normative,417,0.017349526,0.7496179,-0.067570895
normative,418,0.019816676,0.73304933,-0.0657392
normative,419,0.017655557,0.7507447,-0.06766941
normative,420,0.01937451,0.7323063,-0.066450186
normative,421,0.01706373,0.75081986,-0.06874844
normative,422,0.01951284,0.73325336,-0.06669902
normative,423,0.017007368,0.752061,-0.06900296
normative,424,0.019782672,0.7351885,-0.06705699
normative,425,0.016691811,0.7535102,-0.0700705
normative,426,0.018855007,0.73280007,-0.06736204
normative,427,0.016616961,0.7566871,-0.07069316
normative,428,0.019241774,0.72792226,-0.06610626
normative,429,0.017678345,0.75062007,-0.06831545
normative,430,0.019621303,0.7288429,-0.065579325
normative,431,0.016796114,0.7513951,-0.06907228
normative,432,0.019943845,0.72916436,-0.065387115
normative,433,0.016503643,0.7511465,-0.069391645
normative,434,0.020252492,0.7300708,-0.06508783
normative,435,0.01779953,0.7452721,-0.06707102
normative,436,0.01955608,0.7321269,-0.065577656
normative,437,0.016887685,0.7490585,-0.06904181
normative,438,0.019491112,0.7335895,-0.06667664
normative,439,0.01723182,0.7464129,-0.06836478
normative,440,0.020071618,0.7305626,-0.06477531
normative,441,0.017690517,0.7455878,-0.06745119
normative,442,0.020288251,0.7302417,-0.064510494
normative,443,0.016457504,0.7476428,-0.0689982
normative,444,0.019946262,0.7317876,-0.064410605
normative,445,0.015877534,0.74636453,-0.070324585
normative,446,0.020283135,0.73421746,-0.06477937
normative,447,0.015475263,0.7445529,-0.0703154
normative,448,0.01920355,0.7353794,-0.06691458
normative,449,0.016030299,0.7431523,-0.06934254
normative,450,0.01923722,0.736004,-0.06658518
normative,451,0.015866159,0.74471396,-0.0702505
normative,452,0.019894924,0.7374192,-0.065898396
normative,453,0.01749496,0.7426877,-0.06733259
normative,454,0.01950779,0.73799217,-0.06690359
normative,455,0.016819062,0.74430907,-0.06824488
normative,456,0.01969895,0.7372814,-0.0664278
normative,457,0.016779289,0.73820484,-0.067738004
normative,458,0.0194946,0.7381714,-0.06724258
normative,459,0.016210552,0.7436887,-0.06899423
normative,460,0.0194696,0.7378814,-0.06871466
normative,461,0.016097356,0.7473581,-0.06958561
normative,462,0.01947653,0.736418,-0.06669939
normative,463,0.017385496,0.7477498,-0.067659505
normative,464,0.020327281,0.72857875,-0.06478213
normative,465,0.016260818,0.74619085,-0.06866833
normative,466,0.01919732,0.73729867,-0.06783107
normative,467,0.017361518,0.74082005,-0.06725496
normative,468,0.01842504,0.73590726,-0.068037264
normative,469,0.016758822,0.74570215,-0.06798244
normative,470,0.018898664,0.7304787,-0.06707736
normative,471,0.016614657,0.7432015,-0.06783813
normative,472,0.019466091,0.7332611,-0.06644035
normative,473,0.017623633,0.74228835,-0.066030554
normative,474,0.019991202,0.7318933,-0.065273695
normative,475,0.017712133,0.7438258,-0.066643156
normative,476,0.018762197,0.73228943,-0.06781541
normative,477,0.01788977,0.7418916,-0.06480926
normative,478,0.019875968,0.7284789,-0.06564606
normative,479,0.017490678,0.7440766,-0.06599541
normative,480,0.019294059,0.7299207,-0.066055365
normative,481,0.016830275,0.7459849,-0.068320975
normative,482,0.020110736,0.7242789,-0.06405386
normative,483,0.016735528,0.7437629,-0.06759442
normative,484,0.019765928,0.7248472,-0.06371019
normative,485,0.017946307,0.7408076,-0.06518084
normative,486,0.019496327,0.72624594,-0.06494206
normative,487,0.018039992,0.73787206,-0.06509089
normative,488,0.018749308,0.72965074,-0.06586767
normative,489,0.017888943,0.741085,-0.06681173
normative,490,0.019274738,0.7290302,-0.06570544
normative,491,0.018381072,0.7403367,-0.06565239
normative,492,0.018533824,0.73233813,-0.067446895
normative,493,0.018942127,0.73813355,-0.06453356
normative,494,0.018417036,0.7297594,-0.06647775
normative,495,0.018264629,0.7365885,-0.06508084
normative,496,0.018643599,0.7295374,-0.06638959
normative,497,0.017772881,0.7411682,-0.067628294
normative,498,0.01896413,0.7301443,-0.065898426
normative,499,0.019019507,0.737051,-0.06468567
anxious,0,0.03846716,0.76767176,-0.046900526
anxious,1,0.0066495165,1.0241215,-0.10213796
anxious,2,0.017583426,0.88044864,-0.084686965
anxious,3,0.008493936,0.9837636,-0.09829373
anxious,4,0.01595541,0.9006797,-0.08781884
anxious,5,0.009325064,0.97216946,-0.096850075
anxious,6,0.015917456,0.90713096,-0.08725747
anxious,7,0.013265637,0.9494609,-0.08731027
anxious,8,0.013493921,0.91948456,-0.09064651
anxious,9,0.010053559,0.9602751,-0.09531391
anxious,10,0.012930906,0.9261606,-0.093385115
anxious,11,0.011739881,0.94810754,-0.092108645
anxious,12,0.013296469,0.9300949,-0.09030267
anxious,13,0.012095057,0.9505398,-0.092425026
anxious,14,0.011624272,0.92834103,-0.09097467
anxious,15,0.010475365,0.9556122,-0.094902754
anxious,16,0.012003267,0.9315457,-0.09152291
anxious,17,0.014074567,0.940034,-0.08771018
anxious,18,0.01173838,0.933249,-0.09092488
anxious,19,0.012051088,0.9477125,-0.09139881
anxious,20,0.011387836,0.9367221,-0.09030575
anxious,21,0.0134610385,0.9358628,-0.08824782
anxious,22,0.0117355045,0.9361572,-0.09101673
anxious,23,0.013516104,0.9368996,-0.086293526
anxious,24,0.014346765,0.93239796,-0.08785906
anxious,25,0.015189448,0.93395966,-0.08382863
anxious,26,0.013229361,0.9291285,-0.08699562
anxious,27,0.012842229,0.93452704,-0.08578845
anxious,28,0.0146125965,0.9318823,-0.08526623
anxious,29,0.012897092,0.9418425,-0.088457875
anxious,30,0.014068344,0.92974627,-0.086784706
anxious,31,0.011955349,0.9440609,-0.08958689
anxious,32,0.013293872,0.93369025,-0.08854458
anxious,33,0.014785191,0.937821,-0.08584423
anxious,34,0.013969716,0.9339671,-0.08917102
anxious,35,0.012398969,0.94848293,-0.08769186
anxious,36,0.015403595,0.9220907,-0.082060896
anxious,37,0.014022361,0.93562883,-0.08419814
anxious,38,0.0145037975,0.9313234,-0.084796585
anxious,39,0.012754081,0.9375084,-0.086422
anxious,40,0.01457039,0.930341,-0.083735794
anxious,41,0.014739608,0.92995656,-0.08386992
anxious,42,0.0126088625,0.93451726,-0.08801738
anxious,43,0.012115999,0.94004846,-0.08669748
anxious,44,0.012614252,0.9376179,-0.08798269
anxious,45,0.015264184,0.92774874,-0.082554504
anxious,46,0.013851274,0.9279502,-0.084724
anxious,47,0.014035827,0.93536377,-0.0848565
anxious,48,0.01305538,0.9283236,-0.08439188
anxious,49,0.012543884,0.93520135,-0.08720018
anxious,50,0.012244775,0.92857844,-0.088139504
anxious,51,0.012062468,0.9332042,-0.0889539
anxious,52,0.011943989,0.93191046,-0.08854593
anxious,53,0.01229197,0.93598616,-0.08952367
anxious,54,0.013123175,0.9323816,-0.09019175
anxious,55,0.013008668,0.92633855,-0.0879101
anxious,56,0.011524819,0.9404444,-0.090217434
anxious,57,0.0123013165,0.9362992,-0.08737307
anxious,58,0.012699405,0.9328205,-0.08795396
anxious,59,0.01104461,0.94163185,-0.09248062
anxious,60,0.012792926,0.9289725,-0.08808162
anxious,61,0.013180496,0.9333063,-0.08661311
anxious,62,0.016568027,0.92535263,-0.083052985
anxious,63,0.0120947445,0.9401913,-0.08912356
anxious,64,0.014881552,0.92980266,-0.087953374
anxious,65,0.011470965,0.9401843,-0.08832527
anxious,66,0.014854123,0.9264846,-0.08593244
anxious,67,0.012190921,0.94200104,-0.08970477
anxious,68,0.01527535,0.9293843,-0.084395304
anxious,69,0.013447941,0.93392384,-0.087334275
anxious,70,0.015658818,0.9332783,-0.08371118
anxious,71,0.014294075,0.9329392,-0.084738836
anxious,72,0.013683948,0.93745947,-0.08785386
anxious,73,0.013070685,0.93407243,-0.08617183
anxious,74,0.014386825,0.9396121,-0.08428278
anxious,75,0.011917093,0.94037646,-0.088159025
anxious,76,0.013648854,0.9332626,-0.085275896
anxious,77,0.013824155,0.934579,-0.08280102
anxious,78,0.014174889,0.9363583,-0.08547792
anxious,79,0.013455943,0.9303196,-0.08478433
anxious,80,0.012883977,0.9435151,-0.08680665
anxious,81,0.012382671,0.93549776,-0.08738315
anxious,82,0.013704848,0.9359853,-0.08505181
anxious,83,0.01446456,0.93174744,-0.08431259
anxious,84,0.014953415,0.9345586,-0.08398909
anxious,85,0.014998396,0.92955965,-0.08356476
anxious,86,0.012903108,0.9334354,-0.08439051
anxious,87,0.014613585,0.9277083,-0.086045034
anxious,88,0.014737511,0.92616904,-0.082714334
anxious,89,0.014681888,0.9296038,-0.083491676
anxious,90,0.013888312,0.93704647,-0.08585238
anxious,91,0.014720944,0.92496634,-0.083275795
anxious,92,0.012990856,0.92860144,-0.08442326
anxious,93,0.012784856,0.93663037,-0.087450266
anxious,94,0.0120058535,0.9345027,-0.08688616
anxious,95,0.011962256,0.93899196,-0.08916121
anxious,96,0.012663576,0.938518,-0.08737122
anxious,97,0.012693909,0.93318594,-0.08950027
anxious,98,0.011562417,0.93844044,-0.08893689
anxious,99,0.013280976,0.93375623,-0.08753027
anxious,100,0.012377156,0.9455054,-0.089359336
anxious,101,0.012086931,0.93083704,-0.08664396
anxious,102,0.013755928,0.93479276,-0.08524409
anxious,103,0.013113446,0.9348362,-0.085030176
anxious,104,0.0141149815,0.93363845,-0.08390148
anxious,105,0.013946696,0.936957,-0.08405033
anxious,106,0.013498423,0.9295186,-0.08519065
anxious,107,0.013142418,0.9313797,-0.08437581
anxious,108,0.01282974,0.92604756,-0.083971664
anxious,109,0.015436151,0.92862546,-0.081397064
anxious,110,0.015629234,0.92514133,-0.081556104
anxious,111,0.0155261615,0.9371965,-0.08294307
anxious,112,0.01346619,0.9216877,-0.08437106
anxious,113,0.014641647,0.9356083,-0.08549719
anxious,114,0.016347997,0.9245472,-0.08126083
anxious,115,0.013058272,0.9296096,-0.08725228
anxious,116,0.013159252,0.93278116,-0.08906143
anxious,117,0.014181113,0.92293507,-0.0854326
anxious,118,0.012597741,0.9354598,-0.08790341
anxious,119,0.016369341,0.92573464,-0.08257953
anxious,120,0.013315651,0.92972356,-0.08722196
anxious,121,0.015228178,0.92400235,-0.08521645
anxious,122,0.01343158,0.93378264,-0.08711657
anxious,123,0.013276219,0.9325952,-0.086100526
anxious,124,0.012103465,0.93577176,-0.08888193
anxious,125,0.013758568,0.923592,-0.08487432
anxious,126,0.011835366,0.9349715,-0.0887168
anxious,127,0.013963719,0.9227931,-0.08407733
anxious,128,0.013804269,0.9366585,-0.08750456
anxious,129,0.01323888,0.9276535,-0.086854845
anxious,130,0.013280121,0.93868595,-0.08863274
anxious,131,0.013563837,0.9209774,-0.084991775
anxious,132,0.0141859725,0.92418915,-0.08524584
anxious,133,0.014236716,0.9290735,-0.08578675
anxious,134,0.0133944005,0.9315537,-0.08771073
anxious,135,0.013618623,0.9289464,-0.08660051
anxious,136,0.014694455,0.92376345,-0.0844411
anxious,137,0.014126404,0.92892265,-0.084781215
anxious,138,0.013875725,0.9288885,-0.085316494
anxious,139,0.015675422,0.92151356,-0.082759745
anxious,140,0.015140942,0.9231703,-0.08322748
anxious,141,0.012053506,0.94053465,-0.08863326
anxious,142,0.014472751,0.9289126,-0.08714498
anxious,143,0.012158244,0.9320301,-0.087270096
anxious,144,0.01333163,0.9311493,-0.08727542
anxious,145,0.012561563,0.9355464,-0.08729052
anxious,146,0.014065475,0.9301727,-0.086320356
anxious,147,0.014473242,0.93207127,-0.0846896
anxious,148,0.014215129,0.92475986,-0.085456446
anxious,149,0.011763363,0.92690957,-0.08862362
anxious,150,0.012009501,0.9301845,-0.08978198
anxious,151,0.010509526,0.93716484,-0.08920166
anxious,152,0.013549697,0.93623936,-0.08627679
anxious,153,0.012897871,0.93212783,-0.08579303
anxious,154,0.014600252,0.9362493,-0.08453811
anxious,155,0.013153163,0.93263435,-0.08294097
anxious,156,0.013588836,0.9453561,-0.08529127
anxious,157,0.013880414,0.92946833,-0.08380647
anxious,158,0.012764905,0.94238096,-0.08897563
anxious,159,0.013062102,0.93474853,-0.086278595
anxious,160,0.015522051,0.9289324,-0.083836704
anxious,161,0.013837473,0.93029124,-0.08718601
anxious,162,0.014139034,0.9302324,-0.084963314
anxious,163,0.013169643,0.9375736,-0.08892648
anxious,164,0.013202295,0.9384235,-0.087862656
anxious,165,0.01198039,0.93355244,-0.08968386
anxious,166,0.01365215,0.92752635,-0.08554936
anxious,167,0.013268891,0.9308943,-0.087114885
anxious,168,0.014030543,0.926291,-0.08568534
anxious,169,0.015810193,0.9223893,-0.08159353
anxious,170,0.01273392,0.93107617,-0.08458525
anxious,171,0.016140105,0.926842,-0.081925325
anxious,172,0.012425828,0.94138545,-0.088143855
anxious,173,0.014453816,0.9218837,-0.08435649
anxious,174,0.012172439,0.935713,-0.08806474
anxious,175,0.01625154,0.9205545,-0.08360755
anxious,176,0.01016731,0.9455424,-0.092048176
anxious,177,0.013254027,0.93626493,-0.08599588
anxious,178,0.012995906,0.9389422,-0.08576044
anxious,179,0.013736811,0.9276013,-0.084021226
anxious,180,0.011358958,0.946184,-0.08777599
anxious,181,0.01388857,0.9420041,-0.08652938
anxious,182,0.013662446,0.932537,-0.08231258
anxious,183,0.012298236,0.9343968,-0.087621525
anxious,184,0.012854277,0.9346747,-0.08566471
anxious,185,0.0133902775,0.9266289,-0.08389054
anxious,186,0.013982529,0.9353035,-0.08535777
anxious,187,0.014499265,0.9281465,-0.08344731
anxious,188,0.01391299,0.92736864,-0.08403805
anxious,189,0.01398513,0.93105555,-0.084180616
anxious,190,0.013132064,0.9288661,-0.08730333
anxious,191,0.013564191,0.9292462,-0.08779787
anxious,192,0.013301218,0.9285428,-0.08749756
anxious,193,0.013229901,0.92819357,-0.08620936
anxious,194,0.0137177445,0.93560576,-0.08734291
anxious,195,0.012406196,0.93148047,-0.086358555
anxious,196,0.014536277,0.9407169,-0.08528301
anxious,197,0.013000693,0.9222458,-0.08433673
anxious,198,0.015567039,0.9297871,-0.08072482
anxious,199,0.013181368,0.9329533,-0.085522674
anxious,200,0.01477256,0.93234473,-0.082285225
anxious,201,0.014167879,0.93046737,-0.08256359
anxious,202,0.015052777,0.9305931,-0.08108648
anxious,203,0.014925032,0.9264601,-0.080222934
anxious,204,0.015559207,0.92479074,-0.0821673
anxious,205,0.013290066,0.93166065,-0.08397814
anxious,206,0.015154186,0.92377913,-0.07926365
anxious,207,0.015211344,0.92862463,-0.08146509
anxious,208,0.013086967,0.9366455,-0.0873685
anxious,209,0.014850865,0.92969334,-0.081392616
anxious,210,0.016647164,0.92330927,-0.080821685
anxious,211,0.012448403,0.93643975,-0.08520367
anxious,212,0.017064698,0.9242026,-0.08133899
anxious,213,0.012363271,0.93303263,-0.08673644
anxious,214,0.014897206,0.93069863,-0.083964415
anxious,215,0.012226348,0.9390542,-0.086389266
anxious,216,0.014374434,0.92579734,-0.08431846
anxious,217,0.011511213,0.93763214,-0.08629969
anxious,218,0.015733628,0.92202663,-0.079611845
anxious,219,0.013104611,0.9371156,-0.08448581
anxious,220,0.017492628,0.91681504,-0.07807111
anxious,221,0.014141975,0.9335601,-0.08452336
anxious,222,0.013058598,0.93658596,-0.0880842
anxious,223,0.014236392,0.9235956,-0.08209526
anxious,224,0.014371121,0.93186563,-0.083048336
anxious,225,0.014789946,0.9320676,-0.082041375
anxious,226,0.014581328,0.93619514,-0.08528101
anxious,227,0.013627241,0.93170977,-0.08466283
anxious,228,0.014263995,0.9265343,-0.08143766
anxious,229,0.013292856,0.93219817,-0.08362074
anxious,230,0.014211548,0.9212902,-0.07992485
anxious,231,0.014451662,0.92854226,-0.08194396
anxious,232,0.015523317,0.9158848,-0.07866017
anxious,233,0.015602025,0.9222964,-0.079838976
anxious,234,0.016138496,0.9210338,-0.079352945
anxious,235,0.013388223,0.9275892,-0.08266062
anxious,236,0.015882086,0.9280717,-0.082799554
anxious,237,0.015295491,0.92055565,-0.07859968
anxious,238,0.01603371,0.92538595,-0.08145312
anxious,239,0.014400931,0.9226391,-0.08114201
anxious,240,0.014490924,0.929799,-0.083994314
anxious,241,0.01368552,0.93314296,-0.08548961
anxious,242,0.014283981,0.929566,-0.08465611
anxious,243,0.013485237,0.9328595,-0.083917886
anxious,244,0.014657994,0.92807686,-0.08340973
anxious,245,0.013936702,0.9285061,-0.08227804
anxious,246,0.01412808,0.9394184,-0.087319925
anxious,247,0.01546141,0.92002004,-0.07994474
anxious,248,0.015878875,0.930209,-0.08324606
anxious,249,0.01494738,0.92213917,-0.082159415
anxious,250,0.014870729,0.92898136,-0.08315254
anxious,251,0.013997382,0.93165565,-0.08267129
anxious,252,0.015293879,0.9322608,-0.083114594
anxious,253,0.013786227,0.9351628,-0.08384419
anxious,254,0.016572872,0.9246377,-0.08246294
anxious,255,0.01394234,0.93370813,-0.08585767
anxious,256,0.0149401305,0.92200595,-0.082766175
anxious,257,0.014884315,0.9256742,-0.08298974
anxious,258,0.014371843,0.9307456,-0.08661678
anxious,259,0.013631232,0.92867196,-0.08562319
anxious,260,0.013317892,0.9311152,-0.0891333
anxious,261,0.014144887,0.9264253,-0.085052125
anxious,262,0.015132144,0.92934716,-0.087692685
anxious,263,0.012973102,0.9328598,-0.08864167
anxious,264,0.01658027,0.92299336,-0.083915725
anxious,265,0.014751171,0.9255415,-0.0858805
anxious,266,0.013945895,0.92739666,-0.089830816
anxious,267,0.014507358,0.92679834,-0.08606042
anxious,268,0.013672061,0.93450457,-0.08912519
anxious,269,0.015407982,0.9227787,-0.08344104
anxious,270,0.014651198,0.92814296,-0.08596419
anxious,271,0.014539334,0.9262992,-0.08328413
anxious,272,0.014854209,0.9273207,-0.085758984
anxious,273,0.013468234,0.93071413,-0.08558158
anxious,274,0.014745303,0.92177695,-0.08496398
anxious,275,0.014637534,0.9244586,-0.08243463
anxious,276,0.01341441,0.931967,-0.0863453
anxious,277,0.014275737,0.927906,-0.082298584
anxious,278,0.014982319,0.9231666,-0.08327521
anxious,279,0.0137575,0.93366027,-0.08530912
anxious,280,0.014691857,0.9157611,-0.081999876
anxious,281,0.016347772,0.921272,-0.079111256
anxious,282,0.012855429,0.92619455,-0.08455612
anxious,283,0.013115011,0.92333525,-0.08386481
anxious,284,0.014156458,0.93111926,-0.08541737
anxious,285,0.013589342,0.929746,-0.087310925
anxious,286,0.012481079,0.9304025,-0.086592406
anxious,287,0.013468888,0.933284,-0.088268355
anxious,288,0.014083882,0.9327596,-0.08676693
anxious,289,0.01471621,0.92799944,-0.08339618
anxious,290,0.0150388535,0.9298507,-0.08434082
anxious,291,0.0134131275,0.9239935,-0.08319394
anxious,292,0.014189311,0.92879325,-0.08499249
anxious,293,0.013468472,0.9273894,-0.08589395
anxious,294,0.014118018,0.93828905,-0.08817028
anxious,295,0.01407004,0.9222334,-0.085189134
anxious,296,0.015288374,0.92709064,-0.08290483
anxious,297,0.014488665,0.92882615,-0.082042
anxious,298,0.01595289,0.9291761,-0.08128598
anxious,299,0.014467419,0.9272242,-0.08152932
anxious,300,0.016414255,0.9314756,-0.08046671
anxious,301,0.012361202,0.93372893,-0.083229624
anxious,302,0.014500663,0.93746936,-0.08540255
anxious,303,0.012582775,0.93676543,-0.086765006
anxious,304,0.014304918,0.9308986,-0.08295333
anxious,305,0.013690759,0.9341275,-0.08377066
anxious,306,0.013090511,0.9372528,-0.08672864
anxious,307,0.012990071,0.9268897,-0.08673535
anxious,308,0.013181474,0.9342598,-0.08446776
anxious,309,0.013195856,0.93174696,-0.08571083
anxious,310,0.014156064,0.92535794,-0.082056284
anxious,311,0.013402269,0.9346412,-0.08702859
anxious,312,0.013802579,0.93747383,-0.084851034
anxious,313,0.013921866,0.9317358,-0.085701965
anxious,314,0.011719596,0.9361665,-0.08763573
anxious,315,0.013765172,0.9320402,-0.08726135
anxious,316,0.011057108,0.9377961,-0.09011833
anxious,317,0.0144811245,0.92938095,-0.085004024
anxious,318,0.012861713,0.9254548,-0.08495702
anxious,319,0.013035671,0.9286426,-0.08646391
anxious,320,0.014799635,0.9213369,-0.08295328
anxious,321,0.012614194,0.93541455,-0.08914766
anxious,322,0.013761155,0.92603916,-0.08681071
anxious,323,0.013856912,0.93165946,-0.086486645
anxious,324,0.015230076,0.9254874,-0.08499857
anxious,325,0.014119222,0.9324353,-0.08609513
anxious,326,0.01461885,0.9291875,-0.08283564
anxious,327,0.014437651,0.9303297,-0.08430883
anxious,328,0.01348461,0.9360728,-0.08707352
anxious,329,0.014771373,0.9282288,-0.08328362
anxious,330,0.014726486,0.9294472,-0.08321234
anxious,331,0.015197149,0.9265122,-0.08182945
anxious,332,0.015269653,0.9289404,-0.08309682
anxious,333,0.013996216,0.93301183,-0.087173894
anxious,334,0.013242343,0.92593515,-0.08691658
anxious,335,0.014949724,0.9234875,-0.0828743
anxious,336,0.014147826,0.9361413,-0.08709166
anxious,337,0.013878318,0.941035,-0.085851334
anxious,338,0.0139893815,0.9316524,-0.085495085
anxious,339,0.014652207,0.93591046,-0.082278535
anxious,340,0.016653294,0.91954666,-0.07869589
anxious,341,0.01365762,0.9356977,-0.08284552
anxious,342,0.014830786,0.92592615,-0.08324827
anxious,343,0.013488849,0.9406229,-0.08563702
anxious,344,0.015483185,0.92134404,-0.08099617
anxious,345,0.014182399,0.927508,-0.08267868
anxious,346,0.01693997,0.9209266,-0.07966649
anxious,347,0.014987349,0.93371874,-0.08169544
anxious,348,0.017187247,0.92121375,-0.07721657
anxious,349,0.014193535,0.9287805,-0.08064147
anxious,350,0.015223496,0.9355677,-0.08156092
anxious,351,0.015101098,0.9258074,-0.079292096
anxious,352,0.014755658,0.9266175,-0.08124734
anxious,353,0.014421687,0.93811536,-0.08495093
anxious,354,0.014861996,0.92819285,-0.08335318
anxious,355,0.01541673,0.92384374,-0.084113516
anxious,356,0.013946762,0.9282243,-0.0843715
anxious,357,0.014788853,0.9293167,-0.083862215
anxious,358,0.012906483,0.92938954,-0.08651033
anxious,359,0.014949675,0.93234944,-0.0843347
anxious,360,0.015435742,0.93092245,-0.08253218
anxious,361,0.015211567,0.9251203,-0.08066236
anxious,362,0.013470922,0.93172646,-0.08491454
anxious,363,0.012622063,0.92919314,-0.084852174
anxious,364,0.014140532,0.93233454,-0.08461283
anxious,365,0.012895844,0.9272534,-0.086175784
anxious,366,0.0142293805,0.9339458,-0.085887894
anxious,367,0.012669104,0.9328161,-0.08735384
anxious,368,0.013354762,0.9384165,-0.08723851
anxious,369,0.012927665,0.93614846,-0.08885448
anxious,370,0.013917141,0.94175076,-0.08846428
anxious,371,0.012257465,0.9376034,-0.08950176
anxious,372,0.013026613,0.9307132,-0.087653354
anxious,373,0.012822955,0.9299295,-0.087753005
anxious,374,0.012808293,0.93690616,-0.086495385
anxious,375,0.012194247,0.9270229,-0.08930478
anxious,376,0.012403364,0.93845636,-0.08938083
anxious,377,0.013195728,0.9297747,-0.08595565
anxious,378,0.013472713,0.9262292,-0.08586446
anxious,379,0.011680984,0.9364072,-0.08850255
anxious,380,0.0127343,0.9318537,-0.088369295
anxious,381,0.013221315,0.932264,-0.08716951
anxious,382,0.013121485,0.9265235,-0.08580572
anxious,383,0.013131677,0.93552566,-0.088556334
anxious,384,0.013537001,0.929829,-0.08696454
anxious,385,0.014118606,0.9320703,-0.085723214
anxious,386,0.014744403,0.9255971,-0.08701456
anxious,387,0.0130431,0.937991,-0.08794185
anxious,388,0.01535947,0.92824817,-0.08427969
anxious,389,0.013363284,0.9350096,-0.087277725
anxious,390,0.015728097,0.9267788,-0.08337741
anxious,391,0.013460322,0.9338677,-0.08733639
anxious,392,0.0152033325,0.9339569,-0.086410254
anxious,393,0.013089362,0.9316968,-0.08752403
anxious,394,0.015660377,0.9273864,-0.08127221
anxious,395,0.013845494,0.92831427,-0.08492926
anxious,396,0.013675658,0.93027824,-0.08563759
anxious,397,0.013530432,0.92799413,-0.08577012
anxious,398,0.014035323,0.9296225,-0.084879726
anxious,399,0.013802046,0.92813116,-0.08555897
anxious,400,0.013603349,0.9308689,-0.08464464
anxious,401,0.015355327,0.9250162,-0.082078226
anxious,402,0.012720422,0.92994446,-0.08630184
anxious,403,0.014690437,0.92598885,-0.08557854
anxious,404,0.012840653,0.931817,-0.0852623
anxious,405,0.015777813,0.9273885,-0.082566336
anxious,406,0.01456394,0.9211041,-0.083920695
anxious,407,0.013976331,0.9347239,-0.08514053
anxious,408,0.014920123,0.92218786,-0.08266788
anxious,409,0.0142583065,0.9257822,-0.08436964
anxious,410,0.014897966,0.9249336,-0.08229065
anxious,411,0.013431517,0.924033,-0.08663742
anxious,412,0.013882823,0.92903924,-0.084406756
anxious,413,0.014681056,0.92624855,-0.08586014
anxious,414,0.012611232,0.9313907,-0.08719717
anxious,415,0.014417752,0.9253188,-0.08539611
anxious,416,0.0128996475,0.93253845,-0.088295266
anxious,417,0.012863585,0.9370546,-0.090484835
anxious,418,0.013530043,0.92648816,-0.0879713
anxious,419,0.013449266,0.9354211,-0.08808063
anxious,420,0.01544039,0.9224269,-0.08108218
anxious,421,0.014014209,0.93101317,-0.08596725
anxious,422,0.014678527,0.9317408,-0.0848513
anxious,423,0.014029359,0.92580575,-0.085199915
anxious,424,0.015079539,0.9304692,-0.08427051
anxious,425,0.01453483,0.9247454,-0.08393708
anxious,426,0.014081546,0.9272975,-0.08541982
anxious,427,0.013141575,0.93388367,-0.086830124
anxious,428,0.015027466,0.9286363,-0.08541183
anxious,429,0.012974605,0.93849385,-0.08727857
anxious,430,0.013310872,0.9352945,-0.085783854
anxious,431,0.013448422,0.9271678,-0.08459183
anxious,432,0.014532985,0.9293581,-0.08282645
anxious,433,0.014090596,0.9308377,-0.0848354
anxious,434,0.0140536865,0.92745155,-0.082583204
anxious,435,0.013731493,0.9360329,-0.08111272
anxious,436,0.014834638,0.92307013,-0.08328023
anxious,437,0.011850407,0.93662804,-0.08515071
anxious,438,0.014931657,0.9251792,-0.08309574
anxious,439,0.014000027,0.92752683,-0.08125428
anxious,440,0.013957258,0.93611133,-0.08455315
anxious,441,0.014100283,0.9273001,-0.08284142
anxious,442,0.0142987305,0.93066037,-0.084622465
anxious,443,0.013526037,0.93178165,-0.08479465
anxious,444,0.013334119,0.92679405,-0.08580449
anxious,445,0.015000185,0.92461854,-0.081441216
anxious,446,0.014617485,0.92025334,-0.08261138
anxious,447,0.0150812,0.9325887,-0.0849065
anxious,448,0.013964127,0.9204542,-0.08539564
anxious,449,0.013111485,0.9259625,-0.08464201
anxious,450,0.01447197,0.9239995,-0.084005594
anxious,451,0.013981209,0.9278874,-0.08600219
anxious,452,0.014891826,0.9158413,-0.079967335
anxious,453,0.014408662,0.92864794,-0.0830595
anxious,454,0.014568018,0.9220812,-0.08317479
anxious,455,0.013979616,0.92704004,-0.08449466
anxious,456,0.014845535,0.92755246,-0.0813092
anxious,457,0.014073828,0.9235933,-0.08348955
anxious,458,0.01396179,0.93707585,-0.08523297
anxious,459,0.015839886,0.92412305,-0.08148472
anxious,460,0.01464951,0.9292874,-0.08269033
anxious,461,0.014850148,0.9285714,-0.08066597
anxious,462,0.014946019,0.928787,-0.08252313
anxious,463,0.012406925,0.93279934,-0.08513015
anxious,464,0.013814116,0.92546886,-0.08502531
anxious,465,0.013422882,0.921555,-0.08190234
anxious,466,0.015032721,0.9234415,-0.08345827
anxious,467,0.012720528,0.929574,-0.087837294
anxious,468,0.013053609,0.9222698,-0.08660451
anxious,469,0.014433777,0.92193586,-0.084180556
anxious,470,0.011863517,0.932057,-0.08887906
anxious,471,0.013126055,0.92105234,-0.08666645
anxious,472,0.015092264,0.9263166,-0.08677337
anxious,473,0.011532029,0.93358535,-0.08940313
anxious,474,0.013610367,0.9326122,-0.08667182
anxious,475,0.012422353,0.9332991,-0.08765861
anxious,476,0.013083589,0.9293721,-0.08673576
anxious,477,0.014967168,0.9207716,-0.08251353
anxious,478,0.01284458,0.92948985,-0.08544266
anxious,479,0.0138540985,0.9285237,-0.086013675
anxious,480,0.012356478,0.9345582,-0.087474644
anxious,481,0.014865481,0.9231863,-0.08363937
anxious,482,0.012995187,0.9376106,-0.08623096
anxious,483,0.013865093,0.9224939,-0.08295336
anxious,484,0.011446896,0.9405868,-0.08956665
anxious,485,0.01639979,0.9184826,-0.08033914
anxious,486,0.013888656,0.9306853,-0.08355651
anxious,487,0.013892004,0.9247121,-0.084975615
anxious,488,0.013939151,0.9320526,-0.08429022
anxious,489,0.014701504,0.92886835,-0.08562805
anxious,490,0.013180955,0.93370575,-0.08706364
anxious,491,0.012866214,0.93428636,-0.08789607
anxious,492,0.013120592,0.93785584,-0.088105075
anxious,493,0.0133160995,0.9275204,-0.08571716
anxious,494,0.012720513,0.93143684,-0.085765615
anxious,495,0.013937653,0.9276165,-0.086189196
anxious,496,0.011453726,0.93777794,-0.09023732
anxious,497,0.014357373,0.93366456,-0.08624216
anxious,498,0.011851584,0.93197864,-0.08728133
anxious,499,0.014099465,0.9279457,-0.08555055
ruminative,0,0.0396846,0.763117,-0.047295894
ruminative,1,0.010789261,0.9696761,-0.085224375
ruminative,2,0.023911767,0.7703464,-0.057755224
ruminative,3,0.0137875825,0.920516,-0.07675699
ruminative,4,0.023198992,0.76942515,-0.057276446
ruminative,5,0.014387571,0.9003856,-0.07388573
ruminative,6,0.022043081,0.7717338,-0.058683813
ruminative,7,0.0148496125,0.88776475,-0.07149646
ruminative,8,0.021963688,0.76939434,-0.05842364
ruminative,9,0.014630788,0.8828999,-0.071494125
ruminative,10,0.021127436,0.7662702,-0.058647405
ruminative,11,0.014491307,0.8803974,-0.071993425
ruminative,12,0.021378357,0.7653422,-0.0578045
ruminative,13,0.01455401,0.87805194,-0.07024429
ruminative,14,0.021481115,0.76000834,-0.05738133
ruminative,15,0.014320792,0.8745426,-0.07085728
ruminative,16,0.020968998,0.76051,-0.056510612
ruminative,17,0.013610058,0.87119305,-0.07071559
ruminative,18,0.02084932,0.7582144,-0.05599296
ruminative,19,0.014349361,0.86533606,-0.06913324
ruminative,20,0.020843508,0.7551851,-0.05568291
ruminative,21,0.014892998,0.8619116,-0.067510396
ruminative,22,0.020625304,0.7564223,-0.056801025
ruminative,23,0.014331951,0.85916805,-0.06862239
ruminative,24,0.0206907,0.7546972,-0.05706963
ruminative,25,0.0142757995,0.85486436,-0.068815306
ruminative,26,0.0199641,0.75667274,-0.058148183
ruminative,27,0.014666299,0.85039324,-0.067661434
ruminative,28,0.020264339,0.7572066,-0.057444725
ruminative,29,0.014649364,0.8505426,-0.066656105
ruminative,30,0.019974442,0.756601,-0.058229797
ruminative,31,0.01510107,0.8467747,-0.0660516
ruminative,32,0.020280132,0.7541769,-0.056905463
ruminative,33,0.014560185,0.8440299,-0.06670677
ruminative,34,0.019908844,0.75585085,-0.056648895
ruminative,35,0.013929195,0.84304804,-0.06808554
ruminative,36,0.020129688,0.75466573,-0.057785675
ruminative,37,0.014770936,0.8378462,-0.06519156
ruminative,38,0.020862067,0.7538499,-0.05599296
ruminative,39,0.014500481,0.8404122,-0.06559734
ruminative,40,0.021035464,0.7486612,-0.054401234
ruminative,41,0.014712723,0.83731425,-0.064750046
ruminative,42,0.021677181,0.74809843,-0.05407838
ruminative,43,0.013667427,0.8391256,-0.065903276
ruminative,44,0.020778898,0.746787,-0.054648723
ruminative,45,0.014517589,0.8385322,-0.065618984
ruminative,46,0.020770937,0.7478833,-0.054887976
ruminative,47,0.0137394,0.83766365,-0.0655861
ruminative,48,0.02034866,0.74926364,-0.054953534
ruminative,49,0.014491222,0.8353865,-0.06399971
ruminative,50,0.021122519,0.74558073,-0.052979883
ruminative,51,0.014335847,0.8349245,-0.06417514
ruminative,52,0.020996312,0.7439383,-0.05333745
ruminative,53,0.0135598,0.8372364,-0.06508657
ruminative,54,0.021078533,0.7452788,-0.05353246
ruminative,55,0.013644584,0.83746946,-0.06522007
ruminative,56,0.02082245,0.7449568,-0.053671397
ruminative,57,0.014153082,0.8331505,-0.06452145
ruminative,58,0.02077212,0.74607694,-0.053496275
ruminative,59,0.013502403,0.8337297,-0.06501638
ruminative,60,0.020585028,0.7460226,-0.05375177
ruminative,61,0.013778558,0.8341464,-0.06596137
ruminative,62,0.021679899,0.7413746,-0.05192821
ruminative,63,0.013975703,0.8286047,-0.065000735
ruminative,64,0.0213106,0.7437285,-0.053230304
ruminative,65,0.013580709,0.83088166,-0.065508544
ruminative,66,0.021277415,0.7408246,-0.052843425
ruminative,67,0.013670265,0.82937366,-0.06533934
ruminative,68,0.020936951,0.74745435,-0.05455305
ruminative,69,0.014082945,0.82862127,-0.06482479
ruminative,70,0.021442534,0.7429548,-0.052285522
ruminative,71,0.014540919,0.82605284,-0.063996255
ruminative,72,0.021043912,0.74467254,-0.053635057
ruminative,73,0.014046559,0.8251355,-0.06365168
ruminative,74,0.020973125,0.7456641,-0.053618718
ruminative,75,0.014644238,0.82119024,-0.06264537
ruminative,76,0.021311106,0.74245936,-0.05312814
ruminative,77,0.014474835,0.82104886,-0.06354531
ruminative,78,0.02139822,0.7420025,-0.052056957
ruminative,79,0.0136549715,0.8232208,-0.06391276
ruminative,80,0.020444809,0.74552196,-0.055354785
ruminative,81,0.014388402,0.81639683,-0.063664876
ruminative,82,0.019870814,0.74620694,-0.055522613
ruminative,83,0.013819052,0.816963,-0.063515246
ruminative,84,0.020181525,0.74701136,-0.055439893
ruminative,85,0.014163985,0.81397635,-0.062532574
ruminative,86,0.020247066,0.7464621,-0.054514766
ruminative,87,0.014816156,0.81418467,-0.061579656
ruminative,88,0.01975433,0.7437643,-0.0546577
ruminative,89,0.014826,0.81433624,-0.06171568
ruminative,90,0.020514539,0.7418925,-0.054124504
ruminative,91,0.014210361,0.81722873,-0.063327804
ruminative,92,0.020075958,0.7426349,-0.054606263
ruminative,93,0.013869768,0.81690913,-0.06387367
ruminative,94,0.019547528,0.7431226,-0.05499405
ruminative,95,0.014124411,0.81356,-0.06353409
ruminative,96,0.019213447,0.7434983,-0.05552826
ruminative,97,0.01405999,0.813851,-0.061870556
ruminative,98,0.019448478,0.7429768,-0.05533419
ruminative,99,0.013413353,0.8146034,-0.06372954
ruminative,100,0.020551478,0.7389452,-0.05315
ruminative,101,0.013884461,0.81407267,-0.06288952
ruminative,102,0.019705582,0.7412263,-0.054475293
ruminative,103,0.013269191,0.81302714,-0.06375732
ruminative,104,0.019939722,0.73786616,-0.05350215
ruminative,105,0.013495926,0.81197715,-0.062249877
ruminative,106,0.019908594,0.739355,-0.054123882
ruminative,107,0.013257271,0.81140417,-0.06294151
ruminative,108,0.02012283,0.7381072,-0.052919094
ruminative,109,0.013680933,0.80986863,-0.06221073
ruminative,110,0.020474648,0.7345034,-0.052147467
ruminative,111,0.014001578,0.80961245,-0.062138885
ruminative,112,0.020605626,0.7362789,-0.051685933
ruminative,113,0.013368477,0.8117291,-0.06293608
ruminative,114,0.020473372,0.73774964,-0.052132133
ruminative,115,0.014207469,0.8081564,-0.061449483
ruminative,116,0.019616272,0.73983616,-0.05337655
ruminative,117,0.014894734,0.8064728,-0.0611119
ruminative,118,0.01907681,0.74109215,-0.055667438
ruminative,119,0.013827022,0.80637914,-0.061611347
ruminative,120,0.019632604,0.73902106,-0.053454377
ruminative,121,0.014238461,0.8039501,-0.061896376
ruminative,122,0.019411989,0.7398348,-0.0536463
ruminative,123,0.014472486,0.8026866,-0.06125772
ruminative,124,0.02023622,0.73521394,-0.052559137
ruminative,125,0.013915532,0.80180806,-0.062199682
ruminative,126,0.01899669,0.74118865,-0.05491553
ruminative,127,0.014189093,0.8006407,-0.061703835
ruminative,128,0.019372823,0.7410597,-0.05357959
ruminative,129,0.014476913,0.8017106,-0.06009484
ruminative,130,0.019508643,0.73902863,-0.0536902
ruminative,131,0.014081285,0.8011422,-0.06107406
ruminative,132,0.019661436,0.73980284,-0.052370314
ruminative,133,0.014445953,0.79898924,-0.06017351
ruminative,134,0.019039301,0.74052626,-0.05334273
ruminative,135,0.014218828,0.7986212,-0.060276948
ruminative,136,0.019069,0.7402996,-0.052752733
ruminative,137,0.014042525,0.79872036,-0.05950811
ruminative,138,0.020008082,0.7362172,-0.051140804
ruminative,139,0.014348694,0.7981355,-0.059941467
ruminative,140,0.019958107,0.7350224,-0.050237324
ruminative,141,0.01451557,0.7960068,-0.059762605
ruminative,142,0.018835425,0.73944944,-0.051923946
ruminative,143,0.014126651,0.7965342,-0.060360536
ruminative,144,0.019869559,0.7368926,-0.050750587
ruminative,145,0.013913009,0.80110115,-0.061517607
ruminative,146,0.019523725,0.73576194,-0.05189599
ruminative,147,0.014288713,0.7981018,-0.06000769
ruminative,148,0.018967018,0.7371347,-0.052552234
ruminative,149,0.013521065,0.79946023,-0.062178608
ruminative,150,0.019682039,0.734857,-0.05152874
ruminative,151,0.014105962,0.7965785,-0.06077121
ruminative,152,0.018684244,0.7372511,-0.052555714
ruminative,153,0.013962912,0.7991809,-0.061180394
ruminative,154,0.0194212,0.7360106,-0.05226965
ruminative,155,0.014236477,0.79426754,-0.06046539
ruminative,156,0.019191468,0.73502094,-0.051770873
ruminative,157,0.0140574565,0.79416525,-0.060897987
ruminative,158,0.019770142,0.73327464,-0.050812203
ruminative,159,0.014556096,0.79333025,-0.05972334
ruminative,160,0.019464688,0.73500943,-0.05126282
ruminative,161,0.015115618,0.7925437,-0.059934814
ruminative,162,0.019028882,0.7369457,-0.052546076
ruminative,163,0.014422577,0.7927949,-0.060371254
ruminative,164,0.019445082,0.73488706,-0.05158719
ruminative,165,0.014537242,0.7934676,-0.06100305
ruminative,166,0.019180441,0.733056,-0.052021068
ruminative,167,0.013610503,0.79621965,-0.0618518
ruminative,168,0.018655658,0.7355611,-0.052778564
ruminative,169,0.0144400615,0.7933663,-0.060585126
ruminative,170,0.01970988,0.7323681,-0.051457997
ruminative,171,0.014347795,0.79166746,-0.05973486
ruminative,172,0.019573554,0.7328533,-0.05086152
ruminative,173,0.01491201,0.7920717,-0.059789684
ruminative,174,0.018853605,0.7347332,-0.052253447
ruminative,175,0.013584164,0.7943668,-0.062413055
ruminative,176,0.01962465,0.7321858,-0.05094154
ruminative,177,0.014352378,0.79031914,-0.060696375
ruminative,178,0.019704536,0.7313229,-0.050666124
ruminative,179,0.014430306,0.78924626,-0.05991505
ruminative,180,0.019632176,0.73152757,-0.05097565
ruminative,181,0.014109378,0.7884093,-0.060365405
ruminative,182,0.018907733,0.73518336,-0.051645063
ruminative,183,0.014100352,0.7865943,-0.059916656
ruminative,184,0.019880585,0.7306412,-0.05000915
ruminative,185,0.0146663375,0.78555167,-0.058710802
ruminative,186,0.019084783,0.73317283,-0.051044382
ruminative,187,0.015220107,0.7853387,-0.05825017
ruminative,188,0.020183962,0.7291122,-0.049347416
ruminative,189,0.014719253,0.784621,-0.05883631
ruminative,190,0.019709736,0.73115677,-0.050310362
ruminative,191,0.014683687,0.78672993,-0.05876037
ruminative,192,0.01943592,0.7330094,-0.052234773
ruminative,193,0.014477409,0.786454,-0.05895435
ruminative,194,0.019843012,0.7316871,-0.050803266
ruminative,195,0.013978389,0.7887303,-0.059887853
ruminative,196,0.019540796,0.72946966,-0.050568953
ruminative,197,0.014178611,0.7856027,-0.05952072
ruminative,198,0.020130642,0.7263356,-0.049352463
ruminative,199,0.014616981,0.78242505,-0.05952289
ruminative,200,0.020161208,0.72996444,-0.049346022
ruminative,201,0.014042543,0.7838711,-0.059467927
ruminative,202,0.019382464,0.7299414,-0.050731406
ruminative,203,0.013711179,0.7855788,-0.060006622
ruminative,204,0.019250855,0.72966975,-0.050582945
ruminative,205,0.014210653,0.7822143,-0.05923268
ruminative,206,0.019549862,0.72960556,-0.04992605
ruminative,207,0.01357128,0.7852938,-0.059398968
ruminative,208,0.019265871,0.73174614,-0.050468422
ruminative,209,0.014120544,0.77938586,-0.05854928
ruminative,210,0.01917999,0.72928584,-0.05054182
ruminative,211,0.014229963,0.77785563,-0.05846887
ruminative,212,0.019257197,0.7293799,-0.05095708
ruminative,213,0.014264272,0.78040487,-0.058827564
ruminative,214,0.019250516,0.7303764,-0.051613387
ruminative,215,0.014618193,0.77960926,-0.058283757
ruminative,216,0.018839514,0.73174447,-0.051290248
ruminative,217,0.014892163,0.7774673,-0.05716453
ruminative,218,0.019193586,0.73082054,-0.05093458
ruminative,219,0.014366214,0.78045344,-0.05802712
ruminative,220,0.019079447,0.7294418,-0.05098916
ruminative,221,0.0143163465,0.7813877,-0.058421284
ruminative,222,0.019046923,0.7298364,-0.0510522
ruminative,223,0.014245968,0.7807119,-0.058024745
ruminative,224,0.018193575,0.73250496,-0.05228732
ruminative,225,0.013924472,0.7797601,-0.05888783
ruminative,226,0.01878456,0.72846586,-0.050964605
ruminative,227,0.014149541,0.7786564,-0.058255512
ruminative,228,0.018480143,0.7310405,-0.05224878
ruminative,229,0.014354964,0.7778756,-0.058096867
ruminative,230,0.019019613,0.72782856,-0.051076595
ruminative,231,0.014508946,0.779249,-0.057984553
ruminative,232,0.018925602,0.7275986,-0.05096012
ruminative,233,0.014541076,0.779198,-0.057318047
ruminative,234,0.019254234,0.7262197,-0.05144473
ruminative,235,0.014477484,0.7821,-0.057311658
ruminative,236,0.019462444,0.72530395,-0.050373387
ruminative,237,0.014442888,0.7786908,-0.057112567
ruminative,238,0.019577613,0.72356653,-0.050639823
ruminative,239,0.0140652815,0.7829608,-0.058014195
ruminative,240,0.018792344,0.72590345,-0.050478682
ruminative,241,0.015067816,0.7796877,-0.056236297
ruminative,242,0.019144421,0.72459596,-0.05052669
ruminative,243,0.01490027,0.7792778,-0.05690896
ruminative,244,0.018540015,0.7243297,-0.05076665
ruminative,245,0.014967213,0.7780803,-0.056580555
ruminative,246,0.019346207,0.7211779,-0.04907868
ruminative,247,0.015029637,0.77902347,-0.055941362
ruminative,248,0.019561175,0.7211219,-0.049562953
ruminative,249,0.014881999,0.77984047,-0.057326313
ruminative,250,0.01931567,0.72209793,-0.049354278
ruminative,251,0.014827891,0.77835715,-0.056717083
ruminative,252,0.01872016,0.7226915,-0.04951168
ruminative,253,0.014574252,0.777502,-0.057404418
ruminative,254,0.019508928,0.72080046,-0.049342275
ruminative,255,0.014217986,0.7778111,-0.05822561
ruminative,256,0.018864362,0.72223943,-0.050015785
ruminative,257,0.014235178,0.775437,-0.05801667
ruminative,258,0.019028507,0.72058636,-0.048788924
ruminative,259,0.013563419,0.78058344,-0.058634523
ruminative,260,0.019207591,0.72009796,-0.048917297
ruminative,261,0.013561981,0.7774751,-0.058813732
ruminative,262,0.018371662,0.72125477,-0.050293602
ruminative,263,0.014392653,0.7761048,-0.058003142
ruminative,264,0.019383164,0.71849763,-0.049090605
ruminative,265,0.0136106815,0.7753756,-0.058852546
ruminative,266,0.019313902,0.7185811,-0.048260067
ruminative,267,0.013835393,0.7763997,-0.05932093
ruminative,268,0.01904467,0.72040915,-0.049558245
ruminative,269,0.013997145,0.7751918,-0.058741402
ruminative,270,0.019106431,0.7199456,-0.04936586
ruminative,271,0.01396939,0.7781651,-0.058506146
ruminative,272,0.018704819,0.719975,-0.049272258
ruminative,273,0.013650005,0.7747065,-0.058999993
ruminative,274,0.018745039,0.72268593,-0.050490435
ruminative,275,0.013537388,0.77318394,-0.058616277
ruminative,276,0.018978162,0.7190067,-0.049474865
ruminative,277,0.014111237,0.77389944,-0.0582094
ruminative,278,0.019162547,0.7192701,-0.048991844
ruminative,279,0.014135762,0.7726878,-0.057145428
ruminative,280,0.018996099,0.72149456,-0.049952354
ruminative,281,0.014006897,0.772918,-0.05863465
ruminative,282,0.019058771,0.71853375,-0.050155018
ruminative,283,0.013699428,0.774744,-0.058882788
ruminative,284,0.01864025,0.71998066,-0.050687946
ruminative,285,0.013799404,0.7729082,-0.05924029
ruminative,286,0.01887267,0.7197088,-0.050324727
ruminative,287,0.013845392,0.7741007,-0.058665417
ruminative,288,0.01929849,0.71808875,-0.04892529
ruminative,289,0.013638284,0.77525777,-0.058952637
ruminative,290,0.019197097,0.71929365,-0.048772212
ruminative,291,0.014051194,0.77732223,-0.057985064
ruminative,292,0.01933743,0.7207338,-0.049330384
ruminative,293,0.013827161,0.7746082,-0.058448676
ruminative,294,0.019691944,0.7176523,-0.048737843
ruminative,295,0.013921288,0.7736632,-0.058605194
ruminative,296,0.019561525,0.7192064,-0.048569184
ruminative,297,0.014235363,0.7739735,-0.058050044
ruminative,298,0.020214742,0.71693844,-0.048076697
ruminative,299,0.013941184,0.7759685,-0.058476985
ruminative,300,0.020236772,0.7154219,-0.047062848
ruminative,301,0.0139759155,0.7738131,-0.058391828
ruminative,302,0.019031728,0.7182884,-0.04932394
ruminative,303,0.0136617245,0.7738568,-0.05856466
ruminative,304,0.019226324,0.7182657,-0.04852321
ruminative,305,0.013980533,0.77108204,-0.058455646
ruminative,306,0.01956445,0.72058064,-0.049216457
ruminative,307,0.014414787,0.76992667,-0.05748584
ruminative,308,0.019508215,0.71843386,-0.049517497
ruminative,309,0.014634539,0.7721504,-0.05691842
ruminative,310,0.019728893,0.7157147,-0.048668236
ruminative,311,0.013847655,0.77320904,-0.058613963
ruminative,312,0.02001974,0.7144497,-0.04753134
ruminative,313,0.014375507,0.7716511,-0.05773415
ruminative,314,0.019265631,0.7175943,-0.049119182
ruminative,315,0.014885821,0.7694778,-0.056756694
ruminative,316,0.019328455,0.71845174,-0.04888462
ruminative,317,0.014153703,0.77133894,-0.057317853
ruminative,318,0.018672608,0.7170401,-0.049943116
ruminative,319,0.014067476,0.7712804,-0.057275012
ruminative,320,0.018869085,0.71913654,-0.049736653
ruminative,321,0.014387126,0.7732273,-0.057253547
ruminative,322,0.018684104,0.7154024,-0.04933179
ruminative,323,0.01370143,0.77436966,-0.058535486
ruminative,324,0.019384881,0.7131935,-0.048800316
ruminative,325,0.013748002,0.7767057,-0.05880481
ruminative,326,0.01873454,0.7158264,-0.049104508
ruminative,327,0.013787666,0.7744914,-0.05853322
ruminative,328,0.019052843,0.7169812,-0.04929998
ruminative,329,0.014693077,0.7712923,-0.057209045
ruminative,330,0.019229678,0.7166063,-0.048702203
ruminative,331,0.014341247,0.77183014,-0.057769123
ruminative,332,0.019197533,0.71770996,-0.048863832
ruminative,333,0.013843195,0.7723345,-0.05809624
ruminative,334,0.0195294,0.7151396,-0.04821994
ruminative,335,0.014514144,0.77271277,-0.05720141
ruminative,336,0.019474933,0.7128124,-0.047755156
ruminative,337,0.014130348,0.77175367,-0.057740584
ruminative,338,0.019023044,0.7141998,-0.04885752
ruminative,339,0.014387011,0.77116746,-0.056922503
ruminative,340,0.01860776,0.7180296,-0.049450655
ruminative,341,0.014904782,0.76809925,-0.056095313
ruminative,342,0.019057607,0.7146841,-0.048689596
ruminative,343,0.014837268,0.7679385,-0.056001227
ruminative,344,0.019692438,0.7140507,-0.047549807
ruminative,345,0.01429122,0.76891243,-0.05658233
ruminative,346,0.019790104,0.71201855,-0.04784415
ruminative,347,0.014866841,0.76781213,-0.055554844
ruminative,348,0.019546174,0.71273565,-0.047847908
ruminative,349,0.014574292,0.7689926,-0.05651256
ruminative,350,0.019575305,0.71389514,-0.047763884
ruminative,351,0.015120141,0.7656504,-0.05409685
ruminative,352,0.019674828,0.7142486,-0.04747568
ruminative,353,0.0143306,0.76982737,-0.05646641
ruminative,354,0.019316183,0.7151468,-0.047643982
ruminative,355,0.014764595,0.7680363,-0.055113472
ruminative,356,0.020129414,0.7154404,-0.046782564
ruminative,357,0.015142321,0.76684463,-0.055169966
ruminative,358,0.018996814,0.7143777,-0.04755498
ruminative,359,0.014496222,0.7682893,-0.055648994
ruminative,360,0.019006494,0.7143818,-0.047891002
ruminative,361,0.015158318,0.766987,-0.05552992
ruminative,362,0.019502692,0.71365714,-0.04747241
ruminative,363,0.015359183,0.7639256,-0.05441527
ruminative,364,0.019354835,0.71404135,-0.047763813
ruminative,365,0.015219923,0.7651323,-0.055231337
ruminative,366,0.019642059,0.7143266,-0.04688576
ruminative,367,0.014654678,0.7671772,-0.05632417
ruminative,368,0.019987231,0.7124286,-0.046108883
ruminative,369,0.015304869,0.76540333,-0.054227058
ruminative,370,0.019278886,0.71322167,-0.047235366
ruminative,371,0.015084601,0.76733804,-0.05562467
ruminative,372,0.020186402,0.7109046,-0.045641724
ruminative,373,0.015064862,0.7660937,-0.05551093
ruminative,374,0.020045826,0.7120482,-0.045301475
ruminative,375,0.015638763,0.76325464,-0.054725587
ruminative,376,0.020083683,0.7138174,-0.04523057
ruminative,377,0.016165974,0.75931776,-0.053774394
ruminative,378,0.01973486,0.71445256,-0.045701437
ruminative,379,0.015620082,0.7607502,-0.05471676
ruminative,380,0.01948642,0.7136402,-0.0465394
ruminative,381,0.015294281,0.76164985,-0.05588822
ruminative,382,0.020324893,0.7118392,-0.046750322
ruminative,383,0.015282663,0.7602959,-0.055313952
ruminative,384,0.02021763,0.71157384,-0.046361666
ruminative,385,0.015250032,0.7619423,-0.055095203
ruminative,386,0.020038351,0.712526,-0.045740344
ruminative,387,0.015356052,0.7590568,-0.05426363
ruminative,388,0.020377548,0.71117777,-0.046062395
ruminative,389,0.015225105,0.7592737,-0.05429998
ruminative,390,0.01953826,0.714336,-0.047294438
ruminative,391,0.015831701,0.75795877,-0.054362427
ruminative,392,0.02002092,0.7113239,-0.046631582
ruminative,393,0.016145788,0.7553296,-0.053106934
ruminative,394,0.019735606,0.7110194,-0.046831653
ruminative,395,0.015091903,0.7610823,-0.054852247
ruminative,396,0.020262761,0.71262395,-0.046167754
ruminative,397,0.015701143,0.7571854,-0.05357309
ruminative,398,0.020355139,0.7115119,-0.045952424
ruminative,399,0.015906079,0.7598389,-0.05296104
ruminative,400,0.020659043,0.71045727,-0.045234993
ruminative,401,0.015908482,0.75673455,-0.0526067
ruminative,402,0.020251581,0.71067065,-0.045639336
ruminative,403,0.01590051,0.7552237,-0.05250074
ruminative,404,0.019773116,0.7114556,-0.04598502
ruminative,405,0.016447535,0.7529779,-0.051458202
ruminative,406,0.020067768,0.7129888,-0.04619931
ruminative,407,0.01607296,0.75260156,-0.051726222
ruminative,408,0.019640217,0.7127401,-0.046856593
ruminative,409,0.015860021,0.753451,-0.05244239
ruminative,410,0.019774798,0.7112019,-0.045654595
ruminative,411,0.015603439,0.7539854,-0.0534776
ruminative,412,0.020138204,0.7111426,-0.045881517
ruminative,413,0.015892476,0.75446975,-0.0532663
ruminative,414,0.019815076,0.7106379,-0.046239667
ruminative,415,0.016340083,0.75387317,-0.05130714
ruminative,416,0.02001754,0.71140563,-0.0458885
ruminative,417,0.0156110935,0.7561701,-0.053551774
ruminative,418,0.019988963,0.71072185,-0.04593836
ruminative,419,0.016184414,0.7534803,-0.052494116
ruminative,420,0.020160148,0.71099937,-0.046372026
ruminative,421,0.016215444,0.7521161,-0.05216474
ruminative,422,0.019356221,0.712105,-0.047562934
ruminative,423,0.016425923,0.7526333,-0.052384596
ruminative,424,0.019945016,0.7103443,-0.046707753
ruminative,425,0.016170744,0.7496796,-0.051778145
ruminative,426,0.02070624,0.7080148,-0.044600636
ruminative,427,0.01651227,0.75025666,-0.051314715
ruminative,428,0.019955968,0.71099603,-0.045641273
ruminative,429,0.016686682,0.74812603,-0.05128537
ruminative,430,0.019831171,0.7117557,-0.045838136
ruminative,431,0.016628262,0.7487889,-0.051231615
ruminative,432,0.019783951,0.7117075,-0.046293825
ruminative,433,0.017095516,0.74809384,-0.05133958
ruminative,434,0.019308826,0.71056575,-0.047093425
ruminative,435,0.016400274,0.74865764,-0.05157811
ruminative,436,0.02029967,0.7096446,-0.0454868
ruminative,437,0.015290488,0.75334895,-0.053744152
ruminative,438,0.019916201,0.70988876,-0.04614576
ruminative,439,0.015956506,0.7526656,-0.052816566
ruminative,440,0.020173643,0.70759976,-0.045984615
ruminative,441,0.015954351,0.7540388,-0.05283681
ruminative,442,0.019815018,0.70925033,-0.04683053
ruminative,443,0.01582035,0.7526032,-0.053065773
ruminative,444,0.019184738,0.71278703,-0.047142625
ruminative,445,0.015673641,0.7536241,-0.05306936
ruminative,446,0.020264106,0.70688444,-0.04533211
ruminative,447,0.01585746,0.75425756,-0.053049024
ruminative,448,0.01979867,0.71025544,-0.04638597
ruminative,449,0.016202893,0.7499345,-0.052548565
ruminative,450,0.019572288,0.7113639,-0.046386242
ruminative,451,0.01629152,0.7518209,-0.05239307
ruminative,452,0.019561162,0.71163785,-0.04593003
ruminative,453,0.015102544,0.75691736,-0.054581854
ruminative,454,0.020009577,0.7074891,-0.044973064
ruminative,455,0.016328912,0.75144285,-0.053020477
ruminative,456,0.01998367,0.70759207,-0.044923823
ruminative,457,0.016340513,0.75200784,-0.052724324
ruminative,458,0.02017919,0.7076071,-0.04516275
ruminative,459,0.016130729,0.7516827,-0.0532557
ruminative,460,0.020048307,0.7098939,-0.045114912
ruminative,461,0.016505286,0.74953586,-0.05210128
ruminative,462,0.020032452,0.706865,-0.045427114
ruminative,463,0.01625813,0.7516548,-0.05275293
ruminative,464,0.020413231,0.7045654,-0.04457787
ruminative,465,0.016458586,0.7493388,-0.05260847
ruminative,466,0.019764585,0.7084604,-0.045916777
ruminative,467,0.016396487,0.7492209,-0.05189861
ruminative,468,0.019592214,0.70804983,-0.046401773
ruminative,469,0.016773477,0.7483824,-0.05169577
ruminative,470,0.019844403,0.7098614,-0.04584914
ruminative,471,0.016615918,0.7476527,-0.052260064
ruminative,472,0.019559167,0.7089034,-0.046646144
ruminative,473,0.0167711,0.745933,-0.051440913
ruminative,474,0.019613706,0.7087317,-0.046739653
ruminative,475,0.01615599,0.7494708,-0.052434985
ruminative,476,0.019581856,0.7084814,-0.046889935
ruminative,477,0.01605599,0.7497274,-0.05285003
ruminative,478,0.01919982,0.710055,-0.04768373
ruminative,479,0.015987754,0.75074244,-0.05360124
ruminative,480,0.019437287,0.7067756,-0.046609875
ruminative,481,0.016105391,0.75060385,-0.05345692
ruminative,482,0.019965276,0.7075175,-0.046002664
ruminative,483,0.016256664,0.7512264,-0.053029735
ruminative,484,0.019242316,0.7082922,-0.04693501
ruminative,485,0.016421434,0.75030184,-0.052244075
ruminative,486,0.019550154,0.70869833,-0.04654062
ruminative,487,0.016850756,0.7464618,-0.05115668
ruminative,488,0.019450014,0.70833594,-0.04697352
ruminative,489,0.017254716,0.7464218,-0.051060293
ruminative,490,0.01987209,0.70534915,-0.04593205
ruminative,491,0.016858822,0.746686,-0.051049113
ruminative,492,0.0189981,0.7104692,-0.04783933
ruminative,493,0.016328258,0.74457455,-0.051813073
ruminative,494,0.019981127,0.70619124,-0.04566127
ruminative,495,0.016548283,0.7446584,-0.051647447
ruminative,496,0.019739697,0.7077164,-0.046759993
ruminative,497,0.016984986,0.7436342,-0.050607212
ruminative,498,0.020118866,0.7054188,-0.04527787
ruminative,499,0.016264336,0.7459126,-0.051890276
psychotic,0,0.036979243,0.7676012,-0.04866151
psychotic,1,-0.0004039885,1.0788965,-0.12423932
psychotic,2,0.010406267,0.93982196,-0.10794474
psychotic,3,0.00043638848,1.0426426,-0.12234962
psychotic,4,0.0039392766,0.9896868,-0.123391785
psychotic,5,-0.00066908874,1.0417926,-0.12715155
psychotic,6,0.0012361474,1.0095025,-0.12674592
psychotic,7,-0.0028999366,1.0408043,-0.12699021
psychotic,8,0.0024273484,1.0124972,-0.12424745
psychotic,9,-0.0048718574,1.0510982,-0.13354637
psychotic,10,0.0006427735,1.0266885,-0.1315193
psychotic,11,-0.0028964044,1.0375259,-0.13305686
psychotic,12,-0.0006466521,1.0307056,-0.13124758
psychotic,13,-0.0034159992,1.0479794,-0.13620932
psychotic,14,-0.002325236,1.0342798,-0.13454582
psychotic,15,-0.0030704937,1.0467917,-0.1366126
psychotic,16,-0.0029558656,1.0358973,-0.13382484
psychotic,17,-0.0037084369,1.0455244,-0.13600263
psychotic,18,-0.003253556,1.0405562,-0.13827209
psychotic,19,-0.003901404,1.0497682,-0.13712747
psychotic,20,-0.002074213,1.0437145,-0.13498738
psychotic,21,-0.003338213,1.0537649,-0.13879828
psychotic,22,-0.0010261175,1.0378383,-0.13112178
psychotic,23,-0.0034165138,1.0457306,-0.13608468
psychotic,24,-0.0033489768,1.0479362,-0.13717566
psychotic,25,-0.005204474,1.0488204,-0.13915314
psychotic,26,-0.0025933906,1.0394328,-0.1347116
psychotic,27,-0.0036086293,1.0549293,-0.13882294
psychotic,28,-0.0031178333,1.0519487,-0.1382102
psychotic,29,-0.0031088567,1.0543548,-0.13780685
psychotic,30,-0.0033956345,1.0462817,-0.13636734
psychotic,31,-0.004189196,1.0636929,-0.141171
psychotic,32,-0.0039038598,1.051793,-0.1388037
psychotic,33,-0.0045136386,1.0459268,-0.13711612
psychotic,34,-0.0036591382,1.0520356,-0.13678515
psychotic,35,-0.0035123818,1.0543538,-0.13439229
psychotic,36,-0.0017856928,1.0484533,-0.13295536
psychotic,37,-0.0043446627,1.0568088,-0.13642947
psychotic,38,-0.003912636,1.0613316,-0.13720763
psychotic,39,-0.0030693086,1.0518537,-0.13437453
psychotic,40,-0.0018140932,1.0513709,-0.13488631
psychotic,41,-0.0048370017,1.0651755,-0.13800608
psychotic,42,-0.0020655673,1.0537682,-0.13621405
psychotic,43,-0.004807817,1.0543355,-0.13879497
psychotic,44,-0.002869573,1.0552241,-0.13695273
psychotic,45,-0.0044661122,1.056734,-0.13829578
psychotic,46,-0.00345023,1.05969,-0.14196436
psychotic,47,-0.0048439866,1.0605012,-0.14225361
psychotic,48,-0.0042447015,1.0586922,-0.14050648
psychotic,49,-0.0052916477,1.0582402,-0.14129305
psychotic,50,-0.0042672264,1.0612643,-0.14120473
psychotic,51,-0.004095118,1.0603942,-0.13709529
psychotic,52,-0.0030673028,1.0516917,-0.137794
psychotic,53,-0.002781758,1.0599846,-0.1360709
psychotic,54,-0.001381288,1.0561528,-0.13381176
psychotic,55,-0.003038531,1.0641212,-0.13603273
psychotic,56,-0.0028636872,1.063558,-0.13755295
psychotic,57,-0.0045804777,1.065447,-0.13895763
psychotic,58,-0.0024749457,1.0565459,-0.1360216
psychotic,59,-0.0032017173,1.0605505,-0.1362036
psychotic,60,-0.0026662382,1.0704348,-0.13667879
psychotic,61,-0.0039043073,1.0560738,-0.13736342
psychotic,62,-0.0047507132,1.0638446,-0.1421631
psychotic,63,-0.004900026,1.0641773,-0.13817313
psychotic,64,-0.0050574695,1.0635158,-0.14049196
psychotic,65,-0.0054797274,1.0648044,-0.14227259
psychotic,66,-0.004822885,1.0697877,-0.14332178
psychotic,67,-0.0046664495,1.0625573,-0.13931766
psychotic,68,-0.00463136,1.0522047,-0.13776219
psychotic,69,-0.0039830282,1.057478,-0.138822
psychotic,70,-0.0040828325,1.060589,-0.13810173
psychotic,71,-0.00488562,1.0614252,-0.14140454
psychotic,72,-0.004199067,1.0542992,-0.13709734
psychotic,73,-0.003829486,1.0547612,-0.13556138
psychotic,74,-0.0052537317,1.0605391,-0.1408629
psychotic,75,-0.004293443,1.059496,-0.13915268
psychotic,76,-0.004791816,1.0591698,-0.1399949
psychotic,77,-0.0039146636,1.053063,-0.13897084
psychotic,78,-0.004637977,1.0663838,-0.14249371
psychotic,79,-0.0038957992,1.0576276,-0.13983907
psychotic,80,-0.004444059,1.06137,-0.13817872
psychotic,81,-0.0029391309,1.0577055,-0.13776188
psychotic,82,-0.0029247475,1.0622917,-0.13504876
psychotic,83,-0.0051364484,1.0557313,-0.13959095
psychotic,84,-0.00317348,1.0596764,-0.13879092
psychotic,85,-0.0040384894,1.059709,-0.13867255
psychotic,86,-0.003945952,1.0498496,-0.13776584
psychotic,87,-0.0038758118,1.0560713,-0.13708176
psychotic,88,-0.0035403476,1.0512617,-0.13726436
psychotic,89,-0.0041212556,1.0576001,-0.13950428
psychotic,90,-0.004379259,1.0555937,-0.13950624
psychotic,91,-0.0032639904,1.051937,-0.13587482
psychotic,92,-0.0027225034,1.0589644,-0.13792376
psychotic,93,-0.0031759911,1.0562627,-0.13502276
psychotic,94,-0.0043563074,1.0596894,-0.13797136
psychotic,95,-0.0036302318,1.0548694,-0.13403457
psychotic,96,-0.0049595744,1.0573372,-0.1384947
psychotic,97,-0.0037768008,1.0552908,-0.13629827
psychotic,98,-0.0035322872,1.0565664,-0.13629779
psychotic,99,-0.0038454104,1.0637972,-0.13741745
psychotic,100,-0.0032006202,1.0467901,-0.13500388
psychotic,101,-0.0044252328,1.0535713,-0.13742426
psychotic,102,-0.0031671908,1.0565741,-0.13774225
psychotic,103,-0.0050475406,1.0610741,-0.1376001
psychotic,104,-0.002950807,1.0527465,-0.1362174
psychotic,105,-0.004416128,1.0668817,-0.14039199
psychotic,106,-0.004079034,1.0596877,-0.1376945
psychotic,107,-0.003920358,1.0625507,-0.13920662
psychotic,108,-0.0040607504,1.0591508,-0.13707244
psychotic,109,-0.0038009796,1.0504806,-0.13899845
psychotic,110,-0.0052299346,1.0680237,-0.14032543
psychotic,111,-0.00466412,1.0597794,-0.13870989
psychotic,112,-0.004688357,1.0540587,-0.14071794
psychotic,113,-0.0036919387,1.0560662,-0.13875306
psychotic,114,-0.0032553077,1.0541257,-0.13938065
psychotic,115,-0.0032610614,1.0602566,-0.13859561
psychotic,116,-0.0050910795,1.0616584,-0.14064868
psychotic,117,-0.0030136988,1.0546259,-0.13614427
psychotic,118,-0.002391453,1.0543438,-0.1370243
psychotic,119,-0.0028316798,1.0543585,-0.13613978
psychotic,120,-0.0028941606,1.0490788,-0.13540736
psychotic,121,-0.0033977649,1.0569013,-0.13648167
psychotic,122,-0.00181196,1.0467083,-0.13576733
psychotic,123,-0.0039489786,1.0630164,-0.13853796
psychotic,124,-0.0036474334,1.0542887,-0.13861129
psychotic,125,-0.005017724,1.0631827,-0.1401799
psychotic,126,-0.0033450832,1.0515339,-0.13802281
psychotic,127,-0.0033433053,1.0553653,-0.13698351
psychotic,128,-0.0035611924,1.0514926,-0.13710673
psychotic,129,-0.0028706559,1.0537437,-0.13464113
psychotic,130,-0.0026850183,1.0490811,-0.13531913
psychotic,131,-0.0053813807,1.0618571,-0.13607927
psychotic,132,-0.0011761446,1.0584693,-0.13400514
psychotic,133,-0.004059607,1.0597035,-0.13413696
psychotic,134,-0.0030155007,1.0621768,-0.139868
psychotic,135,-0.005170663,1.0580305,-0.1373109
psychotic,136,-0.0037597432,1.0616809,-0.13931815
psychotic,137,-0.0049764942,1.0609514,-0.13783728
psychotic,138,-0.0032027133,1.0602981,-0.13810207
psychotic,139,-0.0052956985,1.0616134,-0.13990565
psychotic,140,-0.0033023846,1.0542012,-0.13754709
psychotic,141,-0.002877967,1.0642679,-0.1375573
psychotic,142,-0.002784281,1.0616488,-0.13696922
psychotic,143,-0.0037019653,1.0632123,-0.13678339
psychotic,144,-0.002881586,1.0611084,-0.13748543
psychotic,145,-0.0034798207,1.0520861,-0.13807209
psychotic,146,-0.004184057,1.0612783,-0.13724397
psychotic,147,-0.0047410177,1.0601212,-0.13686846
psychotic,148,-0.0047375844,1.0611857,-0.13914171
psychotic,149,-0.00375791,1.0528458,-0.13425717
psychotic,150,-0.0036296833,1.0588754,-0.13561374
psychotic,151,-0.0036265857,1.0584667,-0.13416316
psychotic,152,-0.0030455468,1.0598247,-0.1359886
psychotic,153,-0.0029043388,1.0640562,-0.13812956
psychotic,154,-0.0048545557,1.0632597,-0.13893878
psychotic,155,-0.0031318897,1.0574527,-0.13647868
psychotic,156,-0.0051422534,1.068607,-0.14018989
psychotic,157,-0.0033345798,1.0624232,-0.13711037
psychotic,158,-0.003957172,1.0594783,-0.13550533
psychotic,159,-0.0034350625,1.0561678,-0.13708548
psychotic,160,-0.0035277973,1.0599477,-0.13643879
psychotic,161,-0.0021816306,1.0624884,-0.13533367
psychotic,162,-0.0037103505,1.051111,-0.13309094
psychotic,163,-0.0027800435,1.0657802,-0.13414909
psychotic,164,-0.0045673484,1.0546633,-0.13501969
psychotic,165,-0.0031811944,1.0664382,-0.13646823
psychotic,166,-0.004089687,1.0488147,-0.13389735
psychotic,167,-0.0014686966,1.0575781,-0.13392903
psychotic,168,-0.004702132,1.053156,-0.13755672
psychotic,169,-0.0035939019,1.0632399,-0.13869745
psychotic,170,-0.0044436078,1.0609459,-0.14036964
psychotic,171,-0.0036623704,1.0643259,-0.13746466
psychotic,172,-0.0031180703,1.0548584,-0.13708274
psychotic,173,-0.00523329,1.059058,-0.14016154
psychotic,174,-0.0036955357,1.0541393,-0.13731769
psychotic,175,-0.004747936,1.0543264,-0.13883182
psychotic,176,-0.0039194874,1.0554643,-0.137403
psychotic,177,-0.0030748786,1.0497563,-0.13534077
psychotic,178,-0.0040603275,1.0590332,-0.13808206
psychotic,179,-0.004233917,1.0573759,-0.13860981
psychotic,180,-0.0030055323,1.0566636,-0.1362255
psychotic,181,-0.0030554608,1.0509907,-0.13242127
psychotic,182,-0.0020197383,1.0527754,-0.1344435
psychotic,183,-0.0031738637,1.0531942,-0.1325667
psychotic,184,-0.0017575113,1.053064,-0.1333504
psychotic,185,-0.0028138696,1.0515081,-0.13473773
psychotic,186,-0.0017114686,1.0492975,-0.13539498
psychotic,187,-0.0024716184,1.0547723,-0.1354782
psychotic,188,-0.0023255812,1.0595454,-0.1358618
psychotic,189,-0.0020222235,1.0540165,-0.13602269
psychotic,190,-0.0038451615,1.0618348,-0.13695447
psychotic,191,-0.00292396,1.0516729,-0.13379481
psychotic,192,-0.0040586977,1.0597342,-0.13503143
psychotic,193,-0.003491205,1.0599465,-0.13837121
psychotic,194,-0.0037719104,1.0620795,-0.1393926
psychotic,195,-0.0014890183,1.0525911,-0.13480657
psychotic,196,-0.0033340945,1.0529646,-0.13581958
psychotic,197,-0.0027158614,1.0609926,-0.13748619
psychotic,198,-0.0033103481,1.056246,-0.13660485
psychotic,199,-0.0026295276,1.0559031,-0.13560854
psychotic,200,-0.0019960157,1.0510025,-0.13194022
psychotic,201,-0.0030065365,1.0600787,-0.13607001
psychotic,202,-0.0019282635,1.0407791,-0.13397326
psychotic,203,-0.0030034469,1.0562959,-0.13516232
psychotic,204,-0.0014389433,1.0459114,-0.13320176
psychotic,205,-0.00073285965,1.0561514,-0.13296187
psychotic,206,-0.00310843,1.0481663,-0.1342497
psychotic,207,-0.003643303,1.0619259,-0.13772637
psychotic,208,-0.0048221624,1.0661556,-0.1394233
psychotic,209,-0.0036586486,1.0573479,-0.13630193
psychotic,210,-0.0032342956,1.056095,-0.1363755
psychotic,211,-0.0022240242,1.0509614,-0.13689435
psychotic,212,-0.0034612822,1.0550967,-0.13640909
psychotic,213,-0.0046017664,1.0537918,-0.13756824
psychotic,214,-0.0037187291,1.0526074,-0.1386397
psychotic,215,-0.0036393425,1.0536702,-0.13637811
psychotic,216,-0.0034417347,1.0548196,-0.13705449
psychotic,217,-0.00271764,1.056029,-0.13556057
psychotic,218,-0.003568296,1.0596417,-0.13680217
psychotic,219,-0.0030521397,1.0557303,-0.13762052
psychotic,220,-0.0025439572,1.0609993,-0.13714658
psychotic,221,-0.0027507634,1.0534228,-0.13552833
psychotic,222,-0.0023413554,1.0548846,-0.13569051
psychotic,223,-0.0017147915,1.0545542,-0.13321666
psychotic,224,-0.0029193987,1.0546694,-0.13470352
psychotic,225,-0.003041171,1.0527401,-0.1353266
psychotic,226,-0.002573782,1.0527741,-0.13427751
psychotic,227,-0.0032511768,1.0486299,-0.13345604
psychotic,228,-0.0029780702,1.0626031,-0.13630827
psychotic,229,-0.005074038,1.0548775,-0.13561392
psychotic,230,-0.0033567657,1.057263,-0.13733119
psychotic,231,-0.004794712,1.0560278,-0.13627061
psychotic,232,-0.002479364,1.0527668,-0.1361769
psychotic,233,-0.0038392495,1.0584518,-0.13587475
psychotic,234,-0.0033794914,1.0561852,-0.13830315
psychotic,235,-0.0028588492,1.0528661,-0.1335451
psychotic,236,-0.0025814492,1.0467843,-0.13358085
psychotic,237,-0.0044488064,1.0636919,-0.13873161
psychotic,238,-0.0023931935,1.0478476,-0.13216099
psychotic,239,-0.002362984,1.0532094,-0.1350433
psychotic,240,-0.0033022945,1.049086,-0.13585378
psychotic,241,-0.002729657,1.0552123,-0.13602817
psychotic,242,-0.0035075962,1.0505989,-0.1372772
psychotic,243,-0.0037112725,1.0570611,-0.13851494
psychotic,244,-0.004098597,1.0514027,-0.1380928
psychotic,245,-0.0036418259,1.0592146,-0.13829806
psychotic,246,-0.0053631975,1.0592322,-0.13914657
psychotic,247,-0.0035312183,1.0567657,-0.13609658
psychotic,248,-0.0033625732,1.048657,-0.13421893
psychotic,249,-0.0019599607,1.0572504,-0.13272874
psychotic,250,-0.0032787716,1.048716,-0.13507323
psychotic,251,-0.0031020031,1.0580592,-0.13474588
psychotic,252,-0.0028216217,1.0497769,-0.13543259
psychotic,253,-0.0042089624,1.059368,-0.13821709
psychotic,254,-0.003506968,1.0588032,-0.13713813
psychotic,255,-0.004198394,1.061007,-0.13857393
psychotic,256,-0.0033097065,1.0599256,-0.1375094
psychotic,257,-0.0044286824,1.0524806,-0.13654087
psychotic,258,-0.0034064506,1.0535423,-0.13673861
psychotic,259,-0.0031272871,1.0553321,-0.13863
psychotic,260,-0.0024775586,1.0522205,-0.13587551
psychotic,261,-0.0035140836,1.0544996,-0.13609464
psychotic,262,-0.0028307573,1.0585959,-0.13303554
psychotic,263,-0.0022462702,1.0481677,-0.13353968
psychotic,264,-0.004258225,1.0595613,-0.13507104
psychotic,265,-0.0033291855,1.0531651,-0.13673814
psychotic,266,-0.004328136,1.0613427,-0.13834263
psychotic,267,-0.003363636,1.0515039,-0.13582116
psychotic,268,-0.0032830297,1.056872,-0.13684058
psychotic,269,-0.0040574567,1.0566907,-0.13835528
psychotic,270,-0.0028238322,1.0585228,-0.13766208
psychotic,271,-0.0023951172,1.0515172,-0.13528736
psychotic,272,-0.003832075,1.0637448,-0.13975549
psychotic,273,-0.004116355,1.0608232,-0.13917395
psychotic,274,-0.00396187,1.0602376,-0.1370231
psychotic,275,-0.002381152,1.0493612,-0.1342616
psychotic,276,-0.0035376118,1.0560337,-0.13550909
psychotic,277,-0.0028092817,1.0570722,-0.13713846
psychotic,278,-0.0043546516,1.065821,-0.1387579
psychotic,279,-0.003395442,1.0545505,-0.13781327
psychotic,280,-0.0042218436,1.0654651,-0.13659358
psychotic,281,-0.0026299616,1.059385,-0.13633054
psychotic,282,-0.0040658973,1.0641942,-0.13639584
psychotic,283,-0.003136817,1.0540513,-0.13594548
psychotic,284,-0.003168281,1.0587895,-0.13708141
psychotic,285,-0.0031755902,1.0546399,-0.13835338
psychotic,286,-0.0037976012,1.060786,-0.13965662
psychotic,287,-0.004279939,1.0623412,-0.14025286
psychotic,288,-0.004140764,1.0640775,-0.13837437
psychotic,289,-0.003978421,1.0611132,-0.13974407
psychotic,290,-0.0047073774,1.0622377,-0.13930985
psychotic,291,-0.0039678686,1.0564524,-0.13946536
psychotic,292,-0.0035266918,1.0626396,-0.13637735
psychotic,293,-0.0036102538,1.052204,-0.13648856
psychotic,294,-0.005401654,1.069149,-0.14150617
psychotic,295,-0.0034037044,1.0550244,-0.14007924
psychotic,296,-0.0038331922,1.0625483,-0.13890308
psychotic,297,-0.0037244144,1.0592855,-0.13917753
psychotic,298,-0.004237716,1.0638208,-0.13837305
psychotic,299,-0.004858881,1.0602342,-0.13945733
psychotic,300,-0.0042966455,1.0607748,-0.13899782
psychotic,301,-0.003668435,1.0554113,-0.13841689
psychotic,302,-0.003944945,1.064072,-0.13896948
psychotic,303,-0.002272924,1.0562805,-0.13655226
psychotic,304,-0.0046066125,1.0572803,-0.13871379
psychotic,305,-0.0040992573,1.059372,-0.14008242
psychotic,306,-0.0040819,1.0556065,-0.1365212
psychotic,307,-0.004678726,1.0657536,-0.14027797
psychotic,308,-0.0047916104,1.0593001,-0.13791968
psychotic,309,-0.003135352,1.0535707,-0.13690998
psychotic,310,-0.0036158192,1.0568225,-0.13872682
psychotic,311,-0.004050618,1.0612105,-0.14118643
psychotic,312,-0.0042406367,1.0531892,-0.13766986
psychotic,313,-0.0028332204,1.0578358,-0.13428707
psychotic,314,-0.0030047244,1.0538197,-0.13536197
psychotic,315,-0.0038946208,1.0627639,-0.1379428
psychotic,316,-0.0021994798,1.0451298,-0.13455325
psychotic,317,-0.0018255009,1.0588956,-0.13506153
psychotic,318,-0.0024176906,1.055075,-0.13562639
psychotic,319,-0.0033252174,1.0536977,-0.13393834
psychotic,320,-0.0015930264,1.0487641,-0.13185613
psychotic,321,-0.002913654,1.0520703,-0.13492417
psychotic,322,-0.0029109016,1.0585781,-0.13678125
psychotic,323,-0.0029529063,1.056118,-0.13577153
psychotic,324,-0.0031596886,1.0583993,-0.13906471
psychotic,325,-0.0042577013,1.0562327,-0.13895018
psychotic,326,-0.0023132123,1.0524541,-0.13587496
psychotic,327,-0.00465097,1.0582689,-0.13849752
psychotic,328,-0.003744868,1.0583704,-0.13974914
psychotic,329,-0.0049110744,1.0537914,-0.13867766
psychotic,330,-0.0037206796,1.0560864,-0.13666247
psychotic,331,-0.0041871504,1.0622879,-0.13778508
psychotic,332,-0.0033015313,1.0561949,-0.13606419
psychotic,333,-0.00392787,1.0671592,-0.13812913
psychotic,334,-0.0038024418,1.0547855,-0.13920379
psychotic,335,-0.0032126277,1.0612484,-0.13876142
psychotic,336,-0.0037715118,1.0507864,-0.13886973
psychotic,337,-0.0043184576,1.0575886,-0.1392125
psychotic,338,-0.0035911861,1.0578406,-0.13914156
psychotic,339,-0.0036669876,1.0531629,-0.13610338
psychotic,340,-0.0034368688,1.0542308,-0.13753231
psychotic,341,-0.0024887968,1.0543123,-0.13653973
psychotic,342,-0.004160383,1.0531166,-0.1387937
psychotic,343,-0.0035940746,1.0660367,-0.13874806
psychotic,344,-0.004753567,1.0494907,-0.1365112
psychotic,345,-0.0045172414,1.0629041,-0.13817856
psychotic,346,-0.0044418043,1.0526223,-0.13637742
psychotic,347,-0.005302787,1.0631871,-0.13925843
psychotic,348,-0.003744206,1.0489678,-0.13805258
psychotic,349,-0.0041125896,1.0628369,-0.13734068
psychotic,350,-0.0030422898,1.051907,-0.13710819
psychotic,351,-0.0050003603,1.058849,-0.13827896
psychotic,352,-0.0027377934,1.0466752,-0.13627054
psychotic,353,-0.0034058027,1.0603845,-0.1373891
psychotic,354,-0.0033759472,1.0492294,-0.13378832
psychotic,355,-0.0029960147,1.0568746,-0.13576743
psychotic,356,-0.004470014,1.056167,-0.14010024
psychotic,357,-0.0050584604,1.063132,-0.13970646
psychotic,358,-0.0036968377,1.0527884,-0.14032434
psychotic,359,-0.004474394,1.0652767,-0.13899128
psychotic,360,-0.0024940544,1.0451443,-0.13576639
psychotic,361,-0.0038738286,1.0654846,-0.13833244
psychotic,362,-0.0038275367,1.0454335,-0.1357503
psychotic,363,-0.0043816464,1.059214,-0.13776979
psychotic,364,-0.0018707508,1.0554712,-0.1354429
psychotic,365,-0.0050792056,1.064158,-0.13781066
psychotic,366,-0.0032012034,1.0575266,-0.13631895
psychotic,367,-0.004859879,1.0658664,-0.13824338
psychotic,368,-0.0029467586,1.0533057,-0.13426767
psychotic,369,-0.003371967,1.0558763,-0.13428316
psychotic,370,-0.0021489433,1.054557,-0.13529846
psychotic,371,-0.0025572912,1.0620555,-0.13579427
psychotic,372,-0.003062476,1.0514158,-0.1364027
psychotic,373,-0.0028357443,1.0619335,-0.1348872
psychotic,374,-0.0034003104,1.0558038,-0.13663945
psychotic,375,-0.003352713,1.0636581,-0.13881364
psychotic,376,-0.0046177823,1.0582949,-0.13815504
psychotic,377,-0.0043369695,1.072342,-0.14138
psychotic,378,-0.003585855,1.0653251,-0.13897263
psychotic,379,-0.0054278197,1.0671086,-0.13943627
psychotic,380,-0.0035195567,1.063488,-0.13854533
psychotic,381,-0.0019256149,1.0630269,-0.13611886
psychotic,382,-0.0030881413,1.0550898,-0.13411422
psychotic,383,-0.002861575,1.061443,-0.13703437
psychotic,384,-0.004168369,1.0597742,-0.13643369
psychotic,385,-0.0034334434,1.0564356,-0.13499823
psychotic,386,-0.004661109,1.0566458,-0.13714781
psychotic,387,-0.0042911386,1.0688776,-0.13948163
psychotic,388,-0.0014668399,1.0513589,-0.1316551
psychotic,389,-0.0027038094,1.0604718,-0.13515502
psychotic,390,-0.0031481532,1.0553076,-0.13668317
psychotic,391,-0.0038167099,1.0577121,-0.13535331
psychotic,392,-0.0023500144,1.0553335,-0.13375987
psychotic,393,-0.0032235633,1.0619969,-0.13596913
psychotic,394,-0.0033636447,1.0611206,-0.135878
psychotic,395,-0.003439932,1.0619478,-0.13455358
psychotic,396,-0.0012985276,1.0503379,-0.13025644
psychotic,397,-0.0033229645,1.0572996,-0.13512732
psychotic,398,-0.0035311591,1.0529494,-0.13663718
psychotic,399,-0.0038355466,1.0565771,-0.13807222
psychotic,400,-0.0043123467,1.0550251,-0.13662842
psychotic,401,-0.00425357,1.0590478,-0.13953295
psychotic,402,-0.0031022318,1.05568,-0.13478608
psychotic,403,-0.0017841669,1.0528585,-0.1358454
psychotic,404,-0.0036696258,1.0609453,-0.13803253
psychotic,405,-0.003945329,1.0521573,-0.13424271
psychotic,406,-0.002050028,1.0573002,-0.13163687
psychotic,407,-0.0038558152,1.058911,-0.13546316
psychotic,408,-0.0025089898,1.0503166,-0.13480324
psychotic,409,-0.0030338364,1.0589308,-0.1357585
psychotic,410,-0.0029271457,1.0529875,-0.13590698
psychotic,411,-0.003845858,1.0507723,-0.13759452
psychotic,412,-0.0026835136,1.046252,-0.13425118
psychotic,413,-0.0034408718,1.0486197,-0.13520771
psychotic,414,-0.003492519,1.0581254,-0.13549066
psychotic,415,-0.0033142273,1.0520419,-0.13721593
psychotic,416,-0.0031949487,1.0551208,-0.13705885
psychotic,417,-0.0026123798,1.0466641,-0.13536444
psychotic,418,-0.0018952885,1.0541997,-0.13524924
psychotic,419,-0.0027283786,1.0478884,-0.1371192
psychotic,420,-0.0038547276,1.0598816,-0.14115524
psychotic,421,-0.002893766,1.0516428,-0.1353521
psychotic,422,-0.0029009327,1.0607089,-0.13569622
psychotic,423,-0.0028368444,1.05478,-0.13542807
psychotic,424,-0.0016670778,1.0560819,-0.13497634
psychotic,425,-0.0028197223,1.052232,-0.13423826
psychotic,426,-0.0032298367,1.0624777,-0.13617541
psychotic,427,-0.004576269,1.0608463,-0.13732977
psychotic,428,-0.0040833037,1.065291,-0.13937284
psychotic,429,-0.003691896,1.0524485,-0.13481104
psychotic,430,-0.003650565,1.0537429,-0.13675931
psychotic,431,-0.0044931886,1.0621988,-0.13693516
psychotic,432,-0.0034550887,1.064139,-0.13914084
psychotic,433,-0.0025234623,1.0588627,-0.13471238
psychotic,434,-0.0037055062,1.0598408,-0.13830978
psychotic,435,-0.0015334034,1.0597967,-0.13334951
psychotic,436,-0.0032996647,1.0524864,-0.13627698
psychotic,437,-0.0016259989,1.0496769,-0.13249049
psychotic,438,-0.0018480555,1.0462116,-0.1342618
psychotic,439,-0.0008257233,1.0504446,-0.13181436
psychotic,440,-0.002182076,1.0526485,-0.13329612
psychotic,441,-0.0020228326,1.054927,-0.13445951
psychotic,442,-0.003366541,1.0532687,-0.1350283
psychotic,443,-0.0020479201,1.0450457,-0.1345731
psychotic,444,-0.0038115678,1.0591073,-0.13672571
psychotic,445,-0.002658898,1.0477159,-0.13496095
psychotic,446,-0.0038032925,1.0564195,-0.13728255
psychotic,447,-0.003762002,1.0545868,-0.13685454
psychotic,448,-0.003882658,1.0557454,-0.13588198
psychotic,449,-0.0033022074,1.0511632,-0.13534175
psychotic,450,-0.0036038265,1.063179,-0.13796234
psychotic,451,-0.0028881761,1.0536456,-0.1356864
psychotic,452,-0.0030028294,1.0556368,-0.13441461
psychotic,453,-0.0022957795,1.0481095,-0.1338659
psychotic,454,-0.0016109624,1.049999,-0.13233629
psychotic,455,-0.00347995,1.0520482,-0.13516401
psychotic,456,-0.0019995281,1.0525994,-0.13388224
psychotic,457,-0.0016689345,1.0426425,-0.13328327
psychotic,458,-0.002081843,1.0492162,-0.13513368
psychotic,459,-0.0038503616,1.0516529,-0.13597457
psychotic,460,-0.0032324204,1.0526494,-0.1377034
psychotic,461,-0.003572664,1.0537031,-0.13626955
psychotic,462,-0.0027964602,1.0438149,-0.13430141
psychotic,463,-0.0020712505,1.0482764,-0.1336835
psychotic,464,-0.0024896082,1.0495986,-0.13587052
psychotic,465,-0.0032474892,1.044351,-0.13497058
psychotic,466,-0.003979035,1.0486729,-0.13617232
psychotic,467,-0.0031505714,1.0439367,-0.13437055
psychotic,468,-0.0034950946,1.0550365,-0.13510087
psychotic,469,-0.004548903,1.0457221,-0.13544784
psychotic,470,-0.0027934348,1.0477858,-0.13598332
psychotic,471,-0.00454493,1.0528415,-0.13809653
psychotic,472,-0.0027407699,1.0575954,-0.13533212
psychotic,473,-0.0046856073,1.0580522,-0.13800535
psychotic,474,-0.0024123378,1.055005,-0.13549335
psychotic,475,-0.003364581,1.0543039,-0.13673146
psychotic,476,-0.00385661,1.0552822,-0.13797455
psychotic,477,-0.003424546,1.0547593,-0.13840242
psychotic,478,-0.003244688,1.0525378,-0.13629046
psychotic,479,-0.0039183726,1.0473641,-0.13691878
psychotic,480,-0.004154843,1.0562214,-0.14087322
psychotic,481,-0.003758257,1.0465418,-0.13591741
psychotic,482,-0.004103581,1.0640081,-0.13809553
psychotic,483,-0.0034693668,1.0474732,-0.13751215
psychotic,484,-0.004848004,1.0668478,-0.14179167
psychotic,485,-0.004228696,1.0553294,-0.13640547
psychotic,486,-0.0037767815,1.0503143,-0.13802597
psychotic,487,-0.005659563,1.0614977,-0.13918972
psychotic,488,-0.0027573134,1.0493479,-0.13615651
psychotic,489,-0.0040022554,1.0598428,-0.13811314
psychotic,490,-0.004650602,1.0544583,-0.1397161
psychotic,491,-0.0023142053,1.0536022,-0.13504222
psychotic,492,-0.004729809,1.060569,-0.13744907
psychotic,493,-0.00302048,1.0568738,-0.13477792
psychotic,494,-0.0024562504,1.051777,-0.13180104
psychotic,495,-0.003400245,1.0569444,-0.1354202
psychotic,496,-0.0030278342,1.0531721,-0.1359553
psychotic,497,-0.0044741277,1.060434,-0.13805653
psychotic,498,-0.003305278,1.0529181,-0.13702226
psychotic,499,-0.0034761836,1.0496793,-0.13577262
